episode,steps,accumulated_reward,enemies_shotdown,friends_shotdown,sucessful_attacks,interest_point_health,total_distance_traveled,state PURSUING,state HOLD - WAIT,state HOLD - RETURN,state HOLD - NO ENOUGH COMM,state HOLD - INTCPT,state GO HOLD INTCPT,state HOLD - SPREAD,state HOLD - JOYSTICK,state HOLD - NO JOYSTICK,state HOLD - BC,state HOLD - BENCHMARK
0,1126,15977.8626593879,28,22,1,97,39099.99999999999,2.4866785079928952,0,0,0.16281823564239195,3.5425300967041635,4.539175054272745,0,0,0,0,89.2687981053878
1,1025,13726.571479645118,28,15,0,100,50034.0,2.458536585365854,0,0,0.13268292682926836,2.372682926829269,3.7619512195121954,0,0,0,0,91.2741463414634
2,1140,15620.189453104284,28,19,0,100,45635.99999999999,1.695906432748538,0,0,0.22556390977443608,4.686716791979949,5.158730158730158,0,0,0,0,88.23308270676691
3,1027,11002.34478378123,28,18,1,97,43462.0,4.718066743383199,0,0,0.15933433654952645,3.8195981233955916,3.885987430291227,0,0,0,0,87.41701336638047
4,1242,18533.07923642555,28,14,0,100,62609.99999999999,2.7189396754614146,0,0,0.17341756472191255,3.0564845782237087,3.558156819026384,0,0,0,0,90.49300136256657
5,1143,16168.158429802996,28,13,0,100,62674.0,2.835293736431094,0,0,0.08748906386701663,2.1580635753864104,3.152846634911376,0,0,0,0,91.76630698940409
6,1320,17969.103009411465,28,22,1,97,46158.00000000003,2.65993265993266,0,0,0.37037037037037046,2.8661616161616164,4.84006734006734,0,0,0,0,89.263468013468
7,1162,16693.40545574412,28,19,0,100,45468.0,2.290795836406852,0,0,0.16801901483484954,6.83550528645193,5.0528645193016954,0,0,0,0,85.65281534300468
8,1215,17749.643369387817,28,17,0,100,54626.0,2.161388441581678,0,0,0.3399534800500983,2.2615852567543384,3.9541957416353553,0,0,0,0,91.2828770799785
9,1023,13292.482574696489,28,17,0,100,47994.00000000001,3.051553402184538,0,0,0.13175230566534915,2.154787708784904,3.4255599472990776,0,0,0,0,91.23634663606612
10,1376,21368.51895216749,28,20,0,100,53506.0,2.325581395348837,0,0,0.13808139534883723,2.787063953488372,4.3204941860465125,0,0,0,0,90.42877906976744
11,1551,25565.075823908723,28,15,0,100,79076.0,2.029658284977434,0,0,0.22179239200515793,1.9987105093488071,1.9368149580915537,0,0,0,0,93.81302385557704
12,1361,21419.772380387345,28,23,0,100,46992.0,1.9449366815058131,0,0,0.2117819942084108,3.747244673034533,3.8207200587803087,0,0,0,0,90.27531659247094
13,1082,14711.224646845929,28,17,0,100,48080.0,3.2267138149963834,0,0,0.19689785421522138,3.3995017278791293,5.231857269147313,0,0,0,0,87.94502933376197
14,1328,21018.060987611014,28,14,0,100,67064.86298174303,2.0707831325301207,0,0,0.18246061167747918,2.873030583873958,2.78904077849861,0,0,0,0,92.08468489341985
15,1419,22353.052390165598,28,24,0,100,46820.00000000001,0.9337561663143059,0,0,0.09689922480620156,3.0303030303030303,3.5896758280479206,0,0,0,0,92.34936575052855
16,1092,14550.984837482181,28,15,0,100,55268.0,3.205128205128205,0,0,0.09157509157509158,2.578754578754579,5.527472527472527,0,0,0,0,88.5970695970696
17,1325,20473.816296067096,28,15,0,100,64872.00000000001,2.061886792452831,0,0,0.09056603773584905,2.0799999999999996,3.344905660377358,0,0,0,0,92.42264150943399
18,1146,16366.016976260473,28,17,0,100,53113.99999999999,2.268760907504363,0,0,0.17452006980802787,3.4866074815995147,4.5678731314970795,0,0,0,0,89.50223840959103
19,1245,18708.392174310724,28,21,0,100,45896.0,1.2978228704290848,0,0,0.14796026210103574,2.9887972944409222,4.696681462692877,0,0,0,0,90.86873811033607
20,1396,21847.432269200817,28,21,1,97,52222.0,1.6362539586789322,0,0,0.2940732921128035,1.5570803800331774,3.117930930478058,0,0,0,0,93.39466143869704
21,1305,19352.341555737596,28,21,0,100,50856.0,3.5329703569267994,0,0,0.28634805404315383,2.339181286549707,2.1939907239362775,0,0,0,0,91.64750957854406
22,1148,16111.590030200936,28,23,0,100,40098.0,1.634556261529002,0,0,0.1332240213158434,2.7977044476327113,5.159868825579012,0,0,0,0,90.27464644394342
23,1627,26602.419228851726,28,21,0,100,60904.00000000001,1.0481027399475948,0,0,0.16174424999191284,1.4912819849254357,2.8078801798596067,0,0,0,0,94.49099084527543
24,1163,16637.257206974653,28,17,0,100,51950.0,3.9029496429773074,0,0,0.5159071367153913,2.8935661146211076,4.863733223671912,0,0,0,0,87.82384388201427
25,1487,20626.64194669538,28,27,2,94,37832.0,2.4520200713879263,0,0,0.6311106512855,2.146810821995758,1.4794889038332213,0,0,0,0,93.29056955149761
26,1313,20101.0988058244,28,22,0,100,48030.0,1.3032072438013032,0,0,0.10577980875010576,3.939240077853939,4.083100617754083,0,0,0,0,90.56867225184058
27,1109,15989.149033719521,28,10,0,100,67258.48575411968,2.924556657649534,0,0,0.2164111812443643,2.152088969041179,4.532611962729186,0,0,0,0,90.17433122933573
28,1179,16488.879869310444,28,15,0,100,56754.0,2.43596268023749,0,0,0.1255301102629347,3.725190839694656,5.465648854961833,0,0,0,0,88.24766751484309
29,1361,21772.027564552805,28,19,0,100,55602.0,1.2000979671809944,0,0,0.08397186942374303,2.729085756271649,5.115286379063013,0,0,0,0,90.8715580280606
30,1211,17964.607334013643,28,18,0,100,54990.000000000015,1.5914721117033257,0,0,0.08257638315441783,1.268673523008783,3.351850461677051,0,0,0,0,93.70542752045642
31,1510,24298.636409521165,28,20,0,100,59016.0,2.5960264900662255,0,0,0.3145695364238411,2.291390728476822,2.9006622516556284,0,0,0,0,91.89735099337749
32,980,12511.09539069002,28,11,0,100,55472.0,3.676988036593948,0,0,0.17593244194229413,2.406755805770585,3.909218859957776,0,0,0,0,89.83110485573539
33,1482,23524.436615765073,28,20,0,100,58246.0,2.4460188933873144,0,0,0.0910931174089069,1.7442645074224024,2.307692307692308,0,0,0,0,93.41093117408909
34,1013,13613.859468948807,28,19,0,100,43408.0,1.8709161848352371,0,0,0.29144925492408214,2.7311615663047055,3.647816480985287,0,0,0,0,91.45865651295071
35,1005,13308.790542625842,28,18,0,100,43921.99999999999,2.6187245590230663,0,0,0.12663952962460417,5.006784260515603,5.630936227951153,0,0,0,0,86.61691542288557
36,1116,15470.488431966982,28,19,0,100,47578.0,1.574500768049155,0,0,0.08960573476702506,3.221539511862093,4.514422256357739,0,0,0,0,90.599931728964
37,1196,17735.37389702555,28,13,0,100,64864.0,1.6722408026755853,0,0,0.21986869812956775,3.1834510095379662,4.217762913415088,0,0,0,0,90.7066765762418
38,1517,25444.0580162449,28,16,0,100,70946.0,1.6534827510437267,0,0,0.17029224346297522,2.5681168973851904,4.809382553284991,0,0,0,0,90.79872555482311
39,1153,16278.609137186962,28,14,0,100,57962.245388432304,3.6326639535659484,0,0,0.19347521515778238,3.155647474814864,3.5592768029888577,0,0,0,0,89.45893655347253
40,1507,24385.748370972742,28,22,1,97,53188.00000000001,2.2782570227825705,0,0,0.106908501069085,1.9612180196121807,1.2460370124603704,0,0,0,0,94.4075794440758
41,1145,16143.008937176586,28,18,0,100,50872.00000000001,1.7705438666137354,0,0,0.13894402540690753,3.5450575625248115,5.434696308058753,0,0,0,0,89.11075823739581
42,1644,27115.064480145,28,20,0,100,64420.000000000015,2.6459854014598543,0,0,0.4045012165450123,2.0377128953771293,2.998783454987834,0,0,0,0,91.91301703163016
43,1102,15167.502281217736,28,20,0,100,44237.99999999999,2.776769509981851,0,0,0.09074410163339382,4.41016333938294,5.653357531760435,0,0,0,0,87.06896551724137
44,1073,14632.405942988236,28,21,0,100,41708.0,1.0006376612547212,0,0,0.11281699121989505,2.903811252268602,4.6941678520625905,0,0,0,0,91.28856624319417
45,1099,14706.842909395496,28,21,0,100,40552.0,2.437622719218428,0,0,0.12930415209999527,2.8973708155739666,3.4097983813035775,0,0,0,0,91.12590393180403
46,1456,23851.52524147659,28,15,0,100,74160.0,1.14010989010989,0,0,0.06868131868131866,2.131868131868132,2.6730769230769225,0,0,0,0,93.98626373626372
47,1295,19277.2372283807,28,20,0,100,52504.00000000002,2.563706563706564,0,0,0.09266409266409269,3.3127413127413123,4.208494208494209,0,0,0,0,89.82239382239382
48,1327,20095.62142630917,28,23,0,100,44136.0,2.0878585043663285,0,0,0.35462564830001325,2.1765149164413318,4.126955982091405,0,0,0,0,91.25404494880094
49,1177,16916.762115776866,28,18,0,100,52170.0,0.9731984243454083,0,0,0.0849617672047579,3.757627249555882,5.302386653278752,0,0,0,0,89.88182590561522
50,1278,19253.84129122569,28,21,0,100,48800.0,2.594514455151964,0,0,0.1770859072564039,4.1800510666337205,3.376987068610493,0,0,0,0,89.67136150234744
51,1024,13126.433009699704,28,15,0,100,49848.0,3.1484375,0,0,0.125,2.640625,5.015625,0,0,0,0,89.0703125
52,1097,14763.737758779147,28,18,0,100,47267.999999999985,1.5248197563603219,0,0,0.11187536255904532,2.071765973315655,5.2042761249689224,0,0,0,0,91.08726278279605
53,970,11922.173512340047,28,20,0,100,37352.0,2.355670103092783,0,0,0.10309278350515463,3.7319587628865976,5.082474226804123,0,0,0,0,88.72680412371133
54,1138,15548.020436652674,28,24,0,100,37697.99999999999,2.163884007029877,0,0,0.08787346221441127,2.405536028119508,2.663664323374341,0,0,0,0,92.67904217926186
55,1539,25336.893764119523,28,14,0,100,77680.0,1.7119008347078524,0,0,0.16494227020542812,2.9339731094117063,3.7711800869695615,0,0,0,0,91.41800369870548
56,1158,16147.75105029386,28,19,0,100,49543.99999999999,1.5585163253557037,0,0,0.13981412945143512,2.6729171806892014,3.499465416563862,0,0,0,0,92.1292869479398
57,1344,20665.189792044,28,19,0,100,54284.00000000001,2.132936507936508,0,0,0.17715419501133786,3.8336167800453516,4.099348072562359,0,0,0,0,89.75694444444446
58,1164,16410.554180155992,28,17,0,100,52888.0,1.901240101598685,0,0,0.08964589870013444,1.2251606155685044,1.636037651277454,0,0,0,0,95.14791573285524
59,1291,19174.31580263671,28,19,0,100,53117.352108203355,2.9065692892183983,0,0,0.37254251042012465,2.036073918335731,2.8991922098041387,0,0,0,0,91.78562207222161
60,1114,15546.019354270995,28,19,0,100,47284.0,1.4148927075318458,0,0,0.14106181072069762,3.701803881337096,4.189108318372233,0,0,0,0,90.55313328203815
61,1301,19939.279981642438,28,15,0,100,63054.0,1.9093005380476553,0,0,0.12913143735588012,3.068408916218293,4.147578785549576,0,0,0,0,90.7455803228286
62,1080,14749.174842729546,28,12,0,100,60424.0,4.021164021164021,0,0,0.21494708994709,3.611111111111111,5.076058201058202,0,0,0,0,87.07671957671958
63,1163,17299.919617806638,28,13,0,100,61992.91368020823,4.385210662080825,0,0,0.3216458074583612,3.5062577624916416,4.276933855609694,0,0,0,0,87.50995191235947
64,1765,30110.416881218076,28,25,0,100,54804.0,1.5335221907459868,0,0,0.2039660056657224,2.995278564683664,3.78847969782814,0,0,0,0,91.47875354107649
65,1159,16203.676160125195,28,18,0,100,49525.99999999999,3.423797944936858,0,0,0.3215938504980782,2.8825790258059456,3.9061887206839754,0,0,0,0,89.46584045807515
66,1254,18702.72419304103,28,15,0,100,60278.0,1.776714513556619,0,0,0.44019138755980847,3.862838915470494,3.9521531100478464,0,0,0,0,89.96810207336523
67,1034,10774.327005069235,28,20,1,97,42288.00000000001,3.810444874274662,0,0,0.13056092843326883,2.6595744680851063,2.9206963249516438,0,0,0,0,90.47872340425532
68,1015,13304.241928199246,28,17,0,100,45106.0,2.702934247162133,0,0,0.30841721996144783,3.3925894195759265,5.101734846862282,0,0,0,0,88.4943242664382
69,1196,17095.69161702055,28,17,0,100,53012.00000000001,0.5961901992147739,0,0,0.08361204013377928,3.6425767049585573,5.296640977170277,0,0,0,0,90.38098007852263
70,1406,22015.540624164536,28,17,0,100,65340.0,2.4305770301193643,0,0,0.1422475106685633,3.3180778032036615,4.174655204403488,0,0,0,0,89.93444245160492
71,1317,18089.570982056353,28,14,1,97,67080.0,2.499853980491794,0,0,0.27159628526371127,2.050113895216401,1.775597219788564,0,0,0,0,93.40283861923953
72,1248,18825.668149066976,28,16,0,100,60686.0,2.1200587606837606,0,0,0.08012820512820515,2.7610844017094016,4.563969017094016,0,0,0,0,90.47475961538461
73,1463,19434.368872676994,28,25,2,94,45920.0,0.41011619958988377,0,0,0.10025062656641603,2.0141262246525407,3.6454773296878558,0,0,0,0,93.83002961950329
74,1513,21773.396538049717,28,19,2,94,62296.0,2.5430396877852264,0,0,0.264375413086583,1.967078966418028,2.2157177477732666,0,0,0,0,93.0097881849369
75,1261,18970.80361929761,28,17,0,100,58050.0,1.3826155914905354,0,0,0.07930214115781126,3.792711098851843,3.785815260490294,0,0,0,0,90.95955590800949
76,1173,17039.08386916353,28,14,0,100,58688.0,2.137845104597023,0,0,0.10492491310905637,3.783854678995344,4.436356482392288,0,0,0,0,89.53701882090628
77,1256,19009.614845839387,28,18,0,100,52809.99999999999,0.6514186450492183,0,0,0.07961783439490444,4.440503763752171,4.122032426172553,0,0,0,0,90.70642733063114
78,1108,15791.935277160268,28,11,0,100,61830.0,3.9835677828955562,0,0,0.31121623303871526,3.7875015560811653,5.695257064608489,0,0,0,0,86.22245736337607
79,1200,17471.293203623707,28,16,0,100,54804.0,2.0243055555555554,0,0,0.0902777777777778,4.854166666666666,4.822916666666667,0,0,0,0,88.20833333333333
80,1210,17599.540133465085,28,14,0,100,63224.0,1.1315956770502225,0,0,0.1112523839796567,3.219961856325493,4.529561347743165,0,0,0,0,91.00762873490147
81,1049,14324.491441770597,28,20,0,100,44338.0,1.8255481410867491,0,0,0.1334604385128694,4.103908484270734,3.7893231649189705,0,0,0,0,90.14775977121067
82,1185,17038.29197880078,28,20,0,100,48502.0,0.8481012658227848,0,0,0.09282700421940927,2.341772151898734,3.2362869198312243,0,0,0,0,93.48101265822787
83,1207,17283.787065168646,28,20,0,100,48638.0,1.6694283347141672,0,0,0.16570008285004134,3.9188069594034802,4.647887323943662,0,0,0,0,89.59817729908868
84,1328,20650.928679083096,28,15,0,100,65072.0,1.6204819277108433,0,0,0.28313253012048184,2.0,2.9126506024096392,0,0,0,0,93.18373493975903
85,1129,16124.76320934991,28,14,0,100,56604.0,4.646726170198269,0,0,0.31341554813654016,3.5838386591265237,5.328064318321183,0,0,0,0,86.1279553042175
86,1018,13876.082922158354,28,14,0,100,53400.4144723194,4.620674021459876,0,0,0.4004836028411667,2.946954813359529,4.495995163971588,0,0,0,0,87.53589239836784
87,1111,15409.393578816813,28,20,0,100,42942.0,2.0882088208820884,0,0,0.22052205220522045,3.370837083708371,5.202520252025202,0,0,0,0,89.11791179117911
88,1187,17723.871511848327,28,17,0,100,52972.0,1.9010292663272408,0,0,0.11354895425076002,2.985238635947401,4.483352258159041,0,0,0,0,90.51683088531554
89,1109,15138.022923037337,28,17,0,100,51586.0,0.7723370055278943,0,0,0.09017132551848508,3.2226447641823808,4.69674991178892,0,0,0,0,91.21809699298231
90,1273,19549.183431946007,28,21,0,100,46852.0,2.6791251498738995,0,0,0.19845371480547397,3.1463182701451196,4.448670773556042,0,0,0,0,89.52743209161949
91,996,12503.657126980643,28,19,0,100,42234.00000000001,2.7156244023713905,0,0,0.19602218397399115,3.633581946834959,6.177089309619431,0,0,0,0,87.27768215720025
92,1303,19752.47913003577,28,22,0,100,48432.0,2.285324464910037,0,0,0.36667519399675963,2.281060799863562,3.521787328387481,0,0,0,0,91.54515221284214
93,1224,17871.084567085407,28,15,0,100,59998.0,1.4411764705882353,0,0,0.10457516339869284,1.9640522875816997,3.9215686274509807,0,0,0,0,92.5686274509804
94,1209,17214.74670463447,28,16,0,100,58460.0,1.5749931072511718,0,0,0.08615936035290875,3.3016266887234624,4.276950647918389,0,0,0,0,90.76027019575405
95,1326,19591.655084474085,28,20,0,100,51550.0,2.48868778280543,0,0,0.15837104072398178,2.8092006033182506,3.8009049773755654,0,0,0,0,90.74283559577677
96,1143,16761.66155130255,28,10,0,100,67312.0,2.36803732866725,0,0,0.14581510644502765,1.8489355497229514,3.4266550014581507,0,0,0,0,92.21055701370663
97,1182,17192.589345938824,28,17,0,100,54494.0,1.94585448392555,0,0,0.16552637386890312,3.946884425807401,4.3478260869565215,0,0,0,0,89.59390862944161
98,1179,16409.069632268573,28,22,0,100,42741.99999999999,0.49476957873904437,0,0,0.08481764206955046,4.848741871642635,6.389595702572802,0,0,0,0,88.18207520497597
99,1266,18907.47785189783,28,16,0,100,60091.99999999998,1.497498683517641,0,0,0.35215903106898383,5.216561348077935,5.209978936282255,0,0,0,0,87.72380200105317
100,1245,18818.457534707803,28,17,0,100,55646.0,1.9591409114719749,0,0,0.19905709795704563,2.8356905884407206,4.27099703160468,0,0,0,0,90.7351143705256
101,1368,21044.76722216499,28,22,0,100,48128.0,1.9899285250162442,0,0,0.5847953216374274,2.2742040285899936,4.069200779727096,0,0,0,0,91.08187134502923
102,1529,24884.159206854667,28,22,0,100,56672.0,2.0638035026524233,0,0,0.2979434634110893,2.423515732868251,3.5934888452874065,0,0,0,0,91.62124845578083
103,1516,19836.426812366935,28,24,3,91,47800.0,2.453001319261214,0,0,0.3834102902374673,1.4676781002638526,2.2922163588390503,0,0,0,0,93.40369393139841
104,1133,15745.82299613198,28,14,0,100,59734.0,1.9145902641048274,0,0,0.12899721637585715,2.27781926811053,4.385905356779143,0,0,0,0,91.29268789462964
105,1536,25023.544808117804,28,23,0,100,53502.0,1.9607843137254901,0,0,0.14169730392156862,3.197763480392157,3.4390318627450975,0,0,0,0,91.26072303921566
106,1131,15669.294672770833,28,21,0,100,41558.0,3.3133230955372515,0,0,0.7817953371492392,3.304016008190237,2.4663781469589092,0,0,0,0,90.13448741216438
107,1210,17537.032986325077,28,23,0,100,39743.99999999999,1.3320369470102091,0,0,0.08264462809917357,3.3932912007778313,5.284394749635391,0,0,0,0,89.9076324744774
108,1041,14085.955827714744,28,13,0,100,54387.99999999998,3.1735866510122035,0,0,0.16010246557796984,3.2483011349485893,5.90955989611129,0,0,0,0,87.50844985234995
109,1207,17627.856187781756,28,25,0,100,37786.0,2.2645677989505666,0,0,0.14913007456503727,2.1099143882905276,2.5628279480806406,0,0,0,0,92.91355979011324
110,1207,18035.85270254223,28,15,0,100,57920.19867068947,2.4391052195526095,0,0,0.3811101905550954,4.023198011599006,5.686826843413423,0,0,0,0,87.46975973487984
111,1205,17965.302540515648,28,15,0,100,58808.0,1.570124481327801,0,0,0.08962655601659754,2.3933609958506223,2.622406639004149,0,0,0,0,93.32448132780084
112,982,12420.546479610246,28,17,0,100,45708.0,4.002479412025148,0,0,0.30107146019658193,3.161250332064111,3.710262994775524,0,0,0,0,88.82493580093863
113,1027,13152.96732774134,28,19,0,100,41544.00000000001,2.4899151481429964,0,0,0.11591783743682481,3.686187230491028,3.3940742801502295,0,0,0,0,90.31390550377894
114,1266,19249.806055935303,28,15,0,100,61816.00000000001,2.6571879936808847,0,0,0.09478672985781993,2.3443917851500795,3.83570300157978,0,0,0,0,91.06793048973144
115,1254,18211.05251960612,28,19,0,100,50750.0,1.8721045036834514,0,0,0.1291106554264449,3.641679957469431,4.245462140198983,0,0,0,0,90.11164274322171
116,1567,25745.526806596474,28,22,0,100,55004.00000000001,1.8400340353116358,0,0,0.1559951783308516,2.495922853293625,2.407289229242005,0,0,0,0,93.10075870382185
117,1100,15154.284796519672,28,20,0,100,43422.00000000001,2.122727272727273,0,0,0.21363636363636365,6.218181818181819,4.336363636363637,0,0,0,0,87.10909090909091
118,1336,20367.7202806101,28,17,0,100,59890.0,2.7564436344701906,0,0,0.21478781567300193,2.548164540484248,4.299010674303567,0,0,0,0,90.181593335069
119,1456,23876.337659807527,28,15,0,100,71322.0,2.6703296703296706,0,0,0.10714285714285718,2.03021978021978,3.4093406593406597,0,0,0,0,91.78296703296702
120,901,10643.514800438315,28,17,0,100,40260.0,4.0245138252183565,0,0,0.22680113883125025,2.8615547941900306,3.720503788061574,0,0,0,0,89.16662645369877
121,1262,19273.112461537814,28,15,0,100,61434.0,2.52931854199683,0,0,0.10459587955625987,2.640253565768621,4.633914421553089,0,0,0,0,90.09191759112518
122,1116,15638.516955772924,28,15,0,100,54904.0,3.3584229390680997,0,0,0.20430107526881722,1.6057347670250897,2.939068100358423,0,0,0,0,91.89247311827957
123,1224,18032.34347481602,28,14,0,100,61236.0,2.9317496229260933,0,0,0.09112619406737058,3.7895927601809953,4.135243841126194,0,0,0,0,89.05228758169936
124,1247,19092.05225029098,28,15,0,100,61066.0,1.8315958299919808,0,0,0.14113873295910184,2.0593424218123495,3.9390537289494776,0,0,0,0,92.02886928628712
125,1248,18426.864143398783,28,18,0,100,55592.0,3.707750582750583,0,0,0.16025641025641024,3.052156177156177,3.9881993006993004,0,0,0,0,89.09163752913754
126,1086,14946.925138822879,28,12,0,100,59176.0,3.341225993159695,0,0,0.16771902131018157,2.69665877400684,4.068008418837149,0,0,0,0,89.72638779268614
127,1250,18607.013968895124,28,21,0,100,46594.0,2.997894736842105,0,0,0.1431578947368421,1.9073684210526314,3.0863157894736837,0,0,0,0,91.86526315789474
128,1324,20146.80411446481,28,15,0,100,67356.0,2.290030211480363,0,0,0.1903323262839879,2.253776435045317,4.051359516616314,0,0,0,0,91.21450151057402
129,1095,15215.607936857079,28,19,0,100,45060.0,2.396173081104588,0,0,0.121765601217656,2.0221787345075013,3.4268319199826047,0,0,0,0,92.03305066318765
130,1353,21129.011227705763,28,20,0,100,55408.00000000001,1.2934220251293422,0,0,0.16999260901699922,2.62010347376201,3.673318551367332,0,0,0,0,92.24316334072431
131,1267,18653.827552300452,28,14,0,100,63451.99999999999,3.3331309574403494,0,0,0.08196223665836926,3.69133628802137,4.013113957865339,0,0,0,0,88.88045656001458
132,1308,20045.466228160345,28,17,0,100,57824.0,2.842042281611488,0,0,0.08310065150910785,3.8957585427469756,3.872490360324425,0,0,0,0,89.30660816380801
133,1204,16987.59907443291,28,16,0,100,56398.0,4.042081949058693,0,0,0.12112403100775192,2.4120985603543748,2.633582502768549,0,0,0,0,90.79111295681061
134,1293,19494.23299025466,28,24,0,100,42489.999999999985,1.213263727764888,0,0,0.28035576179427685,3.1660866202629543,5.002900232018562,0,0,0,0,90.33739365815931
135,1191,17036.155547284157,28,20,0,100,48352.0,2.510495382031906,0,0,0.10495382031905957,3.136020151133501,3.979848866498741,0,0,0,0,90.26868178001678
136,1317,20168.545463631508,28,14,0,100,68610.0,2.6984405116523567,0,0,0.1284971672215408,3.5278313182641203,4.319257052742246,0,0,0,0,89.32597395011975
137,1095,12792.00507040195,28,19,1,97,47202.0,2.2570123939986955,0,0,0.10871928680147858,2.1091541639486846,2.352685366383996,0,0,0,0,93.17242878886715
138,1255,18718.097067736056,28,16,0,100,58708.0,3.3432934926958833,0,0,0.13944223107569714,2.543160690571049,3.3964143426294817,0,0,0,0,90.57768924302789
139,1300,18948.82772617356,28,22,0,100,45560.0,2.0384615384615383,0,0,0.32478632478632463,2.6495726495726495,2.675213675213675,0,0,0,0,92.3119658119658
140,1560,25194.704922435023,28,25,0,100,45890.0,0.905982905982906,0,0,0.2777777777777778,1.9444444444444442,1.7905982905982907,0,0,0,0,95.08119658119656
141,1138,15719.305069525737,28,21,0,100,43854.00000000001,2.446582184811766,0,0,0.1387475719174914,3.538063083896031,2.9830727962260664,0,0,0,0,90.89353436314865
142,1393,22539.540748975014,28,15,0,100,67238.0,1.8348887293610912,0,0,0.12634601579325197,3.4630294328786806,4.048815506101938,0,0,0,0,90.52692031586504
143,1307,19845.341387517397,28,18,0,100,56396.0,4.340265702163177,0,0,0.22953328232593723,1.9336440147457747,3.502121443973012,0,0,0,0,89.9944355567921
144,1585,26654.84922865191,28,18,0,100,67958.0,2.1479782047605394,0,0,0.2609693145970749,2.555205047318612,3.1832520791511327,0,0,0,0,91.85259535417265
145,1122,15370.086622399796,28,20,0,100,45566.0,2.263814616755793,0,0,0.10695187165775402,3.2085561497326207,4.670231729055258,0,0,0,0,89.75044563279857
146,1298,19337.310158176653,28,23,0,100,44958.0,0.8701169219613885,0,0,0.08157346143388017,3.439680957128614,3.489531405782652,0,0,0,0,92.11909725369345
147,1246,18649.81949034654,28,12,0,100,70514.0,2.41343728502637,0,0,0.24077046548956657,2.4793625315294663,3.4883054345333635,0,0,0,0,91.37812428342124
148,1466,21409.64056291091,28,18,1,97,63170.0,2.458762247302493,0,0,0.2945553764107651,2.0680888006945306,2.914547935011782,0,0,0,0,92.26404564058043
149,1074,14744.070729799645,28,17,0,100,50061.99999999999,1.680025908833293,0,0,0.09715812484819043,2.829730386203547,4.687879523925187,0,0,0,0,90.70520605618978
150,976,12995.862747738749,28,13,0,100,50817.082600962094,2.7360352155434127,0,0,0.35291438979963574,3.4039162112932604,4.128718882817243,0,0,0,0,89.37841530054645
151,1307,19986.582934275095,28,17,0,100,61368.0,1.1776055354113304,0,0,0.1363893416719337,2.258740560859586,4.121619373939656,0,0,0,0,92.30564518811748
152,1236,18239.559745131915,28,19,0,100,52622.0,1.0363692402527354,0,0,0.26583448913546004,3.394205578671598,4.095392202188319,0,0,0,0,91.20819848975187
153,1315,20048.544772239507,28,16,0,100,62114.0,3.0133079847908744,0,0,0.39923954372623577,1.5937896070975919,2.23700887198986,0,0,0,0,92.75665399239544
154,1260,18303.06227153947,28,23,0,100,41990.0,3.0578898225957047,0,0,0.130718954248366,1.984126984126984,2.852474323062558,0,0,0,0,91.97478991596638
155,1004,13045.418302760916,28,18,0,100,43379.77284119056,3.354762767113365,0,0,0.4119884099963781,1.7792466497645778,2.114270191959435,0,0,0,0,92.33973198116624
156,1569,26077.201579864104,28,17,0,100,70912.77136550397,1.8677085931221769,0,0,0.4877102557707762,1.6127691412419984,2.1171058830049603,0,0,0,0,93.91470612686008
157,1704,28761.25671326868,28,21,0,100,63800.0,1.155176674079565,0,0,0.1420805534964171,1.4702248579194463,1.362120088954781,0,0,0,0,95.8703978255498
158,1236,18415.56935133853,28,17,0,100,57012.0,2.1176305051357813,0,0,0.08090614886731388,3.999577880962431,2.95483326298016,0,0,0,0,90.84705220205433
159,1196,17601.24933552608,28,13,0,100,62130.0,1.62578966926793,0,0,0.08980552458813332,3.7997027127461913,5.180849746067137,0,0,0,0,89.30385234733063
160,1237,18375.736917297098,28,21,0,100,47700.0,1.561502786878271,0,0,0.1361528315534187,3.786750627579458,5.748202357145895,0,0,0,0,88.76739139684298
161,1261,18714.520301197248,28,16,0,100,60312.0,1.8272535025112346,0,0,0.18173407348665083,4.523526301876818,4.321966693100713,0,0,0,0,89.14551942902457
162,1159,16285.224274337028,28,17,0,100,53476.0,3.2636830851183554,0,0,0.11629215590651616,3.732603068612372,5.52200172562554,0,0,0,0,87.36541996473721
163,1527,24352.37074511102,28,19,0,100,62978.0,1.2162035737674246,0,0,0.06548788474132285,1.8024760657373622,2.9937318738890455,0,0,0,0,93.92210060186484
164,1081,15201.475237518442,28,14,0,100,57355.537142832174,3.2092791574752724,0,0,0.4518608126378708,1.6686828435209562,3.433430584216893,0,0,0,0,91.23674660214901
165,1079,15100.198989685981,28,10,0,100,64761.43233274002,3.8739573679332717,0,0,0.16064257028112444,3.2530120481927716,5.168365770775409,0,0,0,0,87.54402224281743



166,1141,15550.79153050923,28,23,0,100,37076.0,1.9796875805536938,0,0,0.0876424189307625,4.428519874207351,6.5010053100995,0,0,0,0,87.0031448162087
167,1217,17643.66380861546,28,18,0,100,52030.0,1.7255546425636812,0,0,0.08216926869350863,2.834839769926048,4.078583700605065,0,0,0,0,91.27885261821172
168,1218,18063.42939818661,28,17,0,100,54650.00000000001,2.2203184122224604,0,0,0.1142285999857214,2.4594845434425645,4.247876061969016,0,0,0,0,90.95809238238023
169,1154,16431.0546119104,28,17,0,100,54008.0,2.377364177529953,0,0,0.23735965639364032,2.339688041594454,3.7450079119885475,0,0,0,0,91.30058021249339
170,1493,24278.418989952406,28,20,0,100,58400.0,3.1446751507032817,0,0,0.25787006028131276,2.210314802411252,3.322170127260549,0,0,0,0,91.06496985934362
171,1339,20772.5492523775,28,14,0,100,68200.0,2.139943700810019,0,0,0.18957890503820302,2.050899063595106,3.9294536680645717,0,0,0,0,91.6901246624921
172,1212,17525.186840384715,28,22,0,100,42396.00000000001,2.03978731206454,0,0,0.3025302530253024,2.832783278327833,3.465346534653465,0,0,0,0,91.35955262192886
173,1272,19296.68761327419,28,19,0,100,51792.0,2.3285414794848758,0,0,0.08235998802036539,3.054806828391734,3.848457622042528,0,0,0,0,90.68583408206051
174,957,10496.390336183042,28,14,1,97,50240.0,1.8929346515553411,0,0,0.13262599469496025,2.825335583956274,3.938590145486697,0,0,0,0,91.21051362430671
175,1285,19480.35338635497,28,19,0,100,52314.0,1.6305354826755605,0,0,0.14823049842505098,3.0683713173985545,3.6538817861775064,0,0,0,0,91.4989809153233
176,1125,15385.223872065597,28,17,0,100,50898.0,3.435748792270531,0,0,0.11594202898550722,1.646376811594203,3.292753623188406,0,0,0,0,91.50917874396136
177,1313,20104.264840921634,28,16,0,100,63821.99999999999,3.075019040365575,0,0,0.1554963188626555,2.77989337395278,3.7065244986037067,0,0,0,0,90.28306676821528
178,1034,13397.889701015565,28,15,0,100,52222.00000000001,1.779497098646035,0,0,0.11605415860735015,2.9361702127659584,4.274661508704063,0,0,0,0,90.89361702127661
179,1214,17239.89524634645,28,23,0,100,39736.0,2.703750363407307,0,0,0.1889717995929838,3.7309816842717325,4.893885066382402,0,0,0,0,88.48241108634558
180,1563,25369.495708928735,28,21,0,100,60462.0,1.1011213253864027,0,0,0.1481631141192713,3.104690709499276,3.1585682055426476,0,0,0,0,92.4874566454524
181,1308,19673.07199833328,28,22,0,100,45484.0,1.5417940876656473,0,0,0.14441046551138292,3.4063880394155617,4.612640163098878,0,0,0,0,90.29476724430852
182,1284,19301.09074950808,28,22,0,100,44944.0,2.4446175147109726,0,0,0.5624783662166839,2.769124264451367,3.4397715472481822,0,0,0,0,90.78400830737279
183,1408,22161.72790714085,28,23,0,100,46878.0,0.7561831550802139,0,0,0.17964572192513373,2.0763703208556152,1.6753008021390372,0,0,0,0,95.3125
184,1309,19798.400055177663,28,17,0,100,59068.0,1.43156076659913,0,0,0.12953798120038532,1.9032118776364302,2.9760520809114155,0,0,0,0,93.55963729365264
185,1368,15988.522905197524,28,28,2,94,34718.0,2.0589668615984404,0,0,0.7675438596491226,2.3330896686159845,2.789961013645224,0,0,0,0,92.05043859649123
186,1329,20294.246683682155,28,21,0,100,48608.0,2.5107916518157696,0,0,0.19801195992237935,3.7503465209298645,4.443388380658192,0,0,0,0,89.09746148667378
187,1080,15087.758503035475,28,11,0,100,63322.0,2.0178799489144317,0,0,0.11174968071519793,2.3563218390804597,3.288633461047254,0,0,0,0,92.22541507024265
188,1115,15373.151088501341,28,15,0,100,55604.0,3.752466367713004,0,0,0.13273542600896862,4.100448430493274,4.943497757847535,0,0,0,0,87.07085201793721
189,1313,20078.642443197743,28,19,0,100,53544.0,1.6211511261016212,0,0,0.10880208900010879,2.905015776302905,4.37021724150437,0,0,0,0,90.99481376709099
190,1082,15559.750959688508,28,18,0,100,48063.17409071965,3.091917324819358,0,0,0.4831120820030247,3.117123172576037,4.331204839522767,0,0,0,0,88.97664258107882
191,1091,14685.066054407731,28,19,0,100,44162.0,3.0596656627820695,0,0,0.20514163502247829,3.6227139801841908,3.784208458818908,0,0,0,0,89.32827026319235
192,1017,13581.612482476387,28,12,0,100,57376.0,3.1886500913049582,0,0,0.13344570866694766,2.8269419862340226,3.1991852788312967,0,0,0,0,90.65177693496277
193,1442,23002.88023068062,28,20,0,100,59636.0,1.4667128987517333,0,0,0.06934812760055477,1.6088765603328705,2.0110957004160883,0,0,0,0,94.84396671289873
194,1479,23980.707380575557,28,20,1,97,57972.00000000001,2.3089925625422585,0,0,0.0777552400270453,2.008113590263692,3.2792427315753896,0,0,0,0,92.32589587559163
195,1224,17871.382270994516,28,16,0,100,59365.38448492001,2.6586328976034856,0,0,0.1804193899782135,2.8288398692810452,3.850081699346405,0,0,0,0,90.48202614379082
196,1442,22730.749423309386,28,19,0,100,61968.0,2.2884882108183073,0,0,0.17502146489663836,2.3347202958853446,3.166897827092002,0,0,0,0,92.03487220130772
197,997,13258.240023699716,28,13,0,100,53756.0,3.13161707344255,0,0,0.12630484044726772,3.558824622014191,3.8300085441509726,0,0,0,0,89.35324491994503
198,1446,23212.25519731918,28,16,0,100,67778.0,2.2130013831258646,0,0,0.2852697095435685,2.348432457353619,2.7259105578607654,0,0,0,0,92.42738589211618
199,1274,18900.63555239548,28,17,0,100,58608.0,2.7813801105726568,0,0,0.08873114463176575,4.081632653061225,5.938161217664325,0,0,0,0,87.11009487407001