episode,steps,accumulated_reward,enemies_shotdown,friends_shotdown,sucessful_attacks,interest_point_health,total_distance_traveled,state PURSUING,state HOLD - WAIT,state HOLD - RETURN,state HOLD - NO ENOUGH COMM,state HOLD - INTCPT,state GO HOLD INTCPT,state HOLD - SPREAD,state HOLD - JOYSTICK,state HOLD - NO JOYSTICK,state HOLD - BC,simulation,formation,ratio friend:enemy
0,1116,23729.88343409298,40,25,0,98,13020.41531784124,6.224611708482676,0.0,0,0.5555555555555556,1.911589008363202,3.6499402628434887,0,0,0,87.6583034647551,behavior_clone_32768,False,1:1
1,1158,24647.901855133223,40,29,0,100,12316.182434112827,4.247134558015387,0.0,0,0.6044905008635579,3.7839535248861673,6.869210237085886,0,0,0,84.495211179149,behavior_clone_32768,False,1:1
2,1047,21606.97637923232,40,25,0,100,14375.721898009815,6.552053486150907,0.0,0,0.5603311047437123,2.636103151862464,4.17064629099013,0,0,0,86.0808659662528,behavior_clone_32768,False,1:1
3,1020,20855.06460847515,40,20,0,100,18765.5009989564,4.32843137254902,0.0,0,0.1911764705882352,3.191176470588235,6.254901960784314,0,0,0,86.03431372549018,behavior_clone_32768,False,1:1
4,1045,21276.604696387916,40,26,0,100,12670.073224425298,6.855775803144224,0.0,0,0.4853041695146958,2.973342447026657,6.233766233766233,0,0,0,83.4518113465482,behavior_clone_32768,False,1:1
5,1308,29882.398132035567,40,27,0,98,15416.383975646868,0.9585979769466008,0.0,0,0.2881674900023523,3.834391907786403,6.633733239237827,0,0,0,88.28510938602682,behavior_clone_32768,False,1:1
6,988,19335.435320715314,40,23,0,98,15781.811558099613,7.751845677542272,0.0,0,0.6370564420100023,3.084067635151226,5.85853774708264,0,0,0,82.66849249821387,behavior_clone_32768,False,1:1
7,1058,21269.617373288704,40,26,0,100,14239.25021044237,6.710775047258979,0.0,0,0.3173102889549015,2.720766945719687,5.509046718876586,0,0,0,84.74210099918983,behavior_clone_32768,False,1:1
8,1161,25722.63071858505,40,28,0,98,12602.788904040208,3.3161068044788973,0.0,0,1.0623026126902095,2.828021820269882,4.945449325294287,0,0,0,87.84811943726672,behavior_clone_32768,False,1:1
9,1062,22041.255877491825,40,24,0,100,16111.654348495547,7.173964218455744,0.0,0,1.318267419962335,2.7071563088512245,5.696798493408664,0,0,0,83.10381355932203,behavior_clone_32768,False,1:1
10,1041,21221.29645554989,40,27,0,100,13721.25690102746,3.968078031478608,0.0,0,0.6354836326017882,5.27599201950787,7.064213404271041,0,0,0,83.05623291214069,behavior_clone_32768,False,1:1
11,1076,22419.0463382969,40,24,0,100,17189.754702962928,4.995353159851301,0.0,0,0.3427044609665427,3.83364312267658,6.267425650557621,0,0,0,84.56087360594796,behavior_clone_32768,False,1:1
12,1113,24188.912094772302,40,22,0,100,18047.264607573004,10.457222721373665,0.0,0,1.1480483178596388,2.4658081261854847,4.402515723270441,0,0,0,81.52640511131077,behavior_clone_32768,False,1:1
13,1074,20883.48495864437,40,29,1,98,13067.209183250201,11.257829693583885,0.0,0,0.3893685457931268,1.345860843067547,3.0556966311156253,0,0,0,83.95124428643983,behavior_clone_32768,False,1:1
14,1138,23823.74017953633,40,28,0,100,14698.423894777674,3.793204452255419,0.0,0,0.1391329818394844,3.6028119507908607,6.363503222026948,0,0,0,86.1013473930873,behavior_clone_32768,False,1:1
15,1261,27766.464563347785,40,31,0,100,10285.788992875563,5.18988457132787,0.0,0,1.039739184069081,2.9606132698916205,6.300114547537229,0,0,0,84.5096484271742,behavior_clone_32768,False,1:1
16,1284,28919.11432152945,40,33,0,100,9119.195080332422,6.063640409434802,0.0,0,3.0485091232754784,1.9804183355585223,3.126390743213173,0,0,0,85.78104138851802,behavior_clone_32768,False,1:1
17,1235,25916.377597656417,40,29,1,96,12947.10539518906,4.784688995215311,0.0,0,0.7434670592565329,2.6205373573794626,5.211630474788369,0,0,0,86.63967611336032,behavior_clone_32768,False,1:1
18,1052,20894.650338258296,40,33,0,100,9034.022382262474,11.162411732753938,0.0,0,4.712112982074959,2.3085279739272133,3.259098316132537,0,0,0,78.55784899511136,behavior_clone_32768,False,1:1
19,1202,27236.55978001105,40,21,0,100,18852.116231479195,5.179963219196077,0.0,0,0.2758560294246431,2.789210964182503,4.545056484806024,0,0,0,87.20991330239076,behavior_clone_32768,False,1:1
20,1117,23800.246832221903,40,22,0,100,18667.62222570247,4.89903511389635,0.0,0,0.462548492987168,3.0936038993335324,4.759773202029244,0,0,0,86.78503929175372,behavior_clone_32768,False,1:1
21,1078,22464.683421520407,40,29,0,100,12489.747683537744,4.44425704165964,0.0,0,0.9192106594703996,3.685275763197841,5.759824590993422,0,0,0,85.1914319446787,behavior_clone_32768,False,1:1
22,876,15640.254809289812,40,20,0,98,18984.08775289729,11.70662100456621,0.0,0,0.8847031963470318,3.162100456621004,5.313926940639271,0,0,0,78.93264840182648,behavior_clone_32768,False,1:1
23,1174,25642.539912954147,40,26,0,100,16278.95301270596,3.528839133609151,0.0,0,0.3285470917498174,3.005597468970553,5.640058408371868,0,0,0,87.49695789729861,behavior_clone_32768,False,1:1
24,970,19126.87007830397,40,25,0,100,14625.980447488952,9.869415807560138,0.0,0,1.8075601374570445,3.532646048109965,5.896907216494846,0,0,0,78.89347079037799,behavior_clone_32768,False,1:1
25,1105,22595.42361843167,40,27,0,98,14930.946243457056,3.745214061956144,0.0,0,0.5986773407587888,2.603550295857988,6.153846153846153,0,0,0,86.89871214758094,behavior_clone_32768,False,1:1
26,1124,24111.08107729658,40,22,0,100,17376.1845722528,3.781138790035588,0.0,0,0.4843811783313563,2.5553578489521547,5.886714116251482,0,0,0,87.29240806642942,behavior_clone_32768,False,1:1
27,1101,24071.97120876612,40,23,0,100,16921.378662102892,6.208259870705775,0.0,0,0.956349842389272,2.4469733397446176,4.044451568093177,0,0,0,86.34396537906716,behavior_clone_32768,False,1:1
28,1071,21798.67402613128,40,26,0,100,14385.547578592725,3.1279178338001867,0.0,0,0.1133786848072562,3.3013205282112845,5.895691609977324,0,0,0,87.56169134320393,behavior_clone_32768,False,1:1
29,1176,25562.066763352173,40,31,0,100,10894.768998184678,9.769463340891912,0.0,0,2.418745275888133,1.7479213907785338,5.253212396069539,0,0,0,80.81065759637188,behavior_clone_32768,False,1:1
30,1268,28297.38766114443,40,30,0,100,9285.744108933184,5.283911671924289,0.0,0,0.5441640378548896,2.050473186119873,3.824921135646687,0,0,0,88.29652996845427,behavior_clone_32768,False,1:1
31,1425,29792.836329532674,40,27,2,96,16605.99165941422,8.960863697705804,0.0,0,1.0094466936572202,1.408906882591093,3.6815114709851535,0,0,0,84.93927125506073,behavior_clone_32768,False,1:1
32,1000,20219.266088510176,40,22,0,98,18076.84804862592,3.338888888888889,0.0,0,0.561111111111111,4.111111111111112,7.544444444444443,0,0,0,84.44444444444443,behavior_clone_32768,False,1:1
33,1274,26672.422674272457,40,34,1,96,7369.412495991832,8.019361590790162,0.0,0,3.205128205128205,2.001569858712716,2.053898482469911,0,0,0,84.72004186289901,behavior_clone_32768,False,1:1
34,1203,26732.265017035945,40,24,0,100,16100.456168819328,5.226517040731505,0.0,0,0.9507481296758106,1.8339567747298424,3.340606816292602,0,0,0,88.64817123857023,behavior_clone_32768,False,1:1
35,1021,20354.23044783692,40,29,0,100,11536.492257634272,1.0150476360074792,0.0534235597898673,0,0.1691746060012465,3.3389724868667083,8.50324993322055,0,0,0,86.92013177811415,behavior_clone_32768,False,1:1
36,1213,27137.68935640494,40,24,0,100,19074.77924509384,5.502885408079143,0.0,0,0.7265045342126958,2.7669002473206925,5.580173124484748,0,0,0,85.42353668590273,behavior_clone_32768,False,1:1
37,1209,26737.057731735604,40,27,0,100,15016.15651984949,4.24381243239804,0.0,0,0.1081631354584208,3.18763122733346,6.165298721129987,0,0,0,86.29509448368009,behavior_clone_32768,False,1:1
38,1150,24693.94551725692,40,27,0,100,13875.565523442136,7.056856187290968,0.0,0,1.5585284280936456,2.193979933110368,4.8361204013377925,0,0,0,84.35451505016722,behavior_clone_32768,False,1:1
39,1040,21246.88221563489,40,27,0,100,14208.5164573965,5.599112426035503,0.0,0,0.636094674556213,1.730769230769231,5.761834319526627,0,0,0,86.27218934911242,behavior_clone_32768,False,1:1
40,1238,27608.31132421137,40,24,0,98,19453.977486306925,6.406502423263328,0.0,0,0.580573505654281,1.766962843295638,5.6593295638126,0,0,0,85.58663166397417,behavior_clone_32768,False,1:1
41,1037,18768.33744799596,40,29,1,98,12341.721691546078,9.248706934338564,0.0,0,1.656877356009468,2.060138511440344,4.488471990882792,0,0,0,82.54580520732884,behavior_clone_32768,False,1:1
42,1012,20144.520605840946,40,24,0,98,15624.194163139633,4.811017786561265,0.0,0,0.4261363636363636,1.9145256916996043,5.490365612648221,0,0,0,87.35795454545456,behavior_clone_32768,False,1:1
43,1020,21139.78144279204,40,20,0,100,18980.85860175525,8.916666666666668,0.0,0,1.0784313725490198,1.6715686274509802,4.299019607843136,0,0,0,84.03431372549021,behavior_clone_32768,False,1:1
44,1095,23046.27292938012,40,17,0,100,21321.629060051597,6.186221957514394,0.0,0,0.4327972999801468,3.430613460393092,5.157832042882668,0,0,0,84.7925352392297,behavior_clone_32768,False,1:1
45,1405,26054.74634700751,40,36,4,92,5201.421357133646,7.491103202846975,0.1245551601423487,0,4.199288256227758,0.8185053380782918,1.298932384341637,0,0,0,86.067615658363,behavior_clone_32768,False,1:1
46,955,19304.12063576557,40,19,0,100,17642.503263744755,9.907753677387184,0.0,0,1.2216404886561956,2.2587883320867617,5.0211917227624046,0,0,0,81.59062577910746,behavior_clone_32768,False,1:1
47,1138,24659.17977431607,40,25,0,100,15100.974303536195,6.151142355008787,0.0,0,0.7147041593438782,2.185120093731693,4.229642647920327,0,0,0,86.71939074399533,behavior_clone_32768,False,1:1
48,1058,21646.07633153298,40,22,0,98,18837.9569599241,7.088846880907373,0.0,0,0.6091157319890779,2.793530770846461,6.6687670657424905,0,0,0,82.83973955051462,behavior_clone_32768,False,1:1
49,1063,21611.878042381497,40,27,0,98,12979.357699112963,5.789130906722628,0.0,0,0.7815326724075549,2.7498371806932487,4.971416166148057,0,0,0,85.7080830740285,behavior_clone_32768,False,1:1
50,1047,22035.120680617263,40,20,0,100,20621.87332864294,7.225405921680993,0.0,0,0.8787010506208215,3.018147086914996,4.450811843361987,0,0,0,84.4269340974212,behavior_clone_32768,False,1:1
51,1208,26197.642158609127,40,33,0,98,8922.318870374558,5.428098391674551,0.0,0,2.081362346263009,1.7975402081362346,5.853831598864712,0,0,0,84.83916745506149,behavior_clone_32768,False,1:1
52,1082,21946.8419833458,40,30,0,100,11374.28105268459,5.415896487985213,0.0,0,0.9426987060998152,2.0702402957486137,6.404805914972274,0,0,0,85.16635859519408,behavior_clone_32768,False,1:1
53,1016,20610.96093960149,40,21,0,100,16914.900081087748,5.392664732697886,0.0,0,0.4403232490675507,2.8387898881060925,5.858889349357646,0,0,0,85.46933278077081,behavior_clone_32768,False,1:1
54,916,16867.853254425252,40,24,0,100,14954.592921158186,3.227347161572052,0.0,0,0.1228165938864628,3.0704148471615715,6.905021834061135,0,0,0,86.67439956331877,behavior_clone_32768,False,1:1
55,1195,26844.870569346094,40,20,0,100,19934.47199961136,6.728033472803348,0.0,0,0.598326359832636,2.673640167364017,5.573221757322175,0,0,0,84.42677824267781,behavior_clone_32768,False,1:1
56,1346,31949.00777694191,40,22,0,100,19701.58472698977,6.802047218094766,0.0,0,1.0070992240383023,1.9770513455506025,3.8921908535578673,0,0,0,86.32161135875843,behavior_clone_32768,False,1:1
57,1238,27592.98080109042,40,30,0,100,12890.175681480583,5.008077544426494,0.0,0,0.961227786752827,2.722132471728594,5.145395799676898,0,0,0,86.16316639741518,behavior_clone_32768,False,1:1
58,1035,20770.029750539583,40,28,0,98,13999.545153427294,5.064412238325282,0.0,0,0.4750402576489532,3.405797101449276,6.328502415458938,0,0,0,84.72624798711756,behavior_clone_32768,False,1:1
59,1158,25982.867704417866,40,21,0,100,17795.826800587074,6.653940550859014,0.0,0,0.7181165348604671,2.277065721298064,4.308699209162803,0,0,0,86.04217798381966,behavior_clone_32768,False,1:1
60,927,18508.948890903142,40,20,0,98,18667.461459452777,8.462783171521036,0.0,0,0.447680690399137,3.2254584681769143,5.911542610571737,0,0,0,81.95253505933117,behavior_clone_32768,False,1:1
61,1002,19327.646619892013,40,27,0,100,13425.012068393273,7.646245969599263,0.0,0,0.6602180254874865,2.32611699677568,5.519729771226777,0,0,0,83.8476892369108,behavior_clone_32768,False,1:1
62,1240,27928.771136931773,40,25,0,100,15787.180772085681,2.881720430107527,0.0,0,0.0806451612903225,2.25268817204301,5.112903225806453,0,0,0,89.6720430107527,behavior_clone_32768,False,1:1
63,1372,32029.37695437101,40,29,0,100,13605.402559889082,7.255499602438379,0.0,0,2.809435462496687,0.841505433342168,1.7161410018552878,0,0,0,87.37741849986749,behavior_clone_32768,False,1:1
64,1133,23499.723218843348,40,31,0,100,10266.69001458696,6.403844267921938,0.0,0,2.0692360498185742,2.2751789742081003,4.952436991271942,0,0,0,84.29930371677945,behavior_clone_32768,False,1:1
65,1159,24563.76055950775,40,21,0,100,20328.492891700345,7.165887107760774,0.0,0,0.9263884473911268,2.520321511284682,5.898914672358202,0,0,0,83.4884882612052,behavior_clone_32768,False,1:1
66,1169,25163.741736814205,40,29,0,100,11830.343903513842,5.980247297612566,0.0,0,1.228711408352127,3.3284081188272805,5.731394354148846,0,0,0,83.73123882105918,behavior_clone_32768,False,1:1
67,870,16571.59211209331,40,16,0,100,19459.504077859576,6.101532567049809,0.0,0,0.6226053639846743,2.4760536398467434,6.139846743295019,0,0,0,84.65996168582373,behavior_clone_32768,False,1:1
68,1128,23762.745556822934,40,28,0,100,13821.80928217239,6.877955082742318,0.0,0,1.3888888888888888,3.147163120567376,6.567671394799056,0,0,0,82.01832151300236,behavior_clone_32768,False,1:1
69,1141,24736.780554929723,40,24,0,98,20287.238877607706,6.491016652059597,0.0,0,0.7887817703768623,2.8374233128834354,5.636503067484663,0,0,0,84.24627519719543,behavior_clone_32768,False,1:1
70,1075,22608.082026963923,40,29,0,100,12850.623130967826,5.792811839323466,0.0,0,0.5919661733615222,2.7822410147991543,4.761099365750528,0,0,0,86.07188160676532,behavior_clone_32768,False,1:1
71,947,17574.00170972048,40,29,0,100,12669.17883594098,12.51799942401843,0.0,0,1.9007391763463568,2.3231256599788805,4.819045790534703,0,0,0,78.43908994912162,behavior_clone_32768,False,1:1
72,1124,21106.00586616773,40,32,1,96,11124.176291163925,8.574288256227756,0.0,0,1.4012455516014235,3.158362989323844,7.217526690391459,0,0,0,79.64857651245552,behavior_clone_32768,False,1:1
73,915,16849.53415142748,40,28,0,100,10624.597271066614,5.92896174863388,0.0,0,0.3369763205828779,2.3041894353369767,4.735883424408014,0,0,0,86.69398907103825,behavior_clone_32768,False,1:1
74,1156,25053.348323919163,40,31,0,100,11324.912752453612,5.084582852748943,0.0,0,2.0761245674740483,2.4029219530949635,5.084582852748943,0,0,0,85.3517877739331,behavior_clone_32768,False,1:1
75,1379,32637.942419484883,40,25,0,100,16631.264849915806,4.713560551124003,0.0,0,0.7009910563210054,2.3833695914914186,3.234227701232777,0,0,0,88.9678510998308,behavior_clone_32768,False,1:1
76,1092,22354.625437427785,40,29,0,100,13066.024139461711,6.035631035631036,1.481851481851482,0,1.7815517815517814,2.181152181152181,5.153180153180153,0,0,0,83.36663336663337,behavior_clone_32768,False,1:1
77,946,18268.600990405692,40,21,0,100,18775.48076289093,5.302103037721152,0.0,0,0.244798041615667,2.40903527317236,5.313230221430955,0,0,0,86.73083342605986,behavior_clone_32768,False,1:1
78,1167,25788.297180899008,40,26,0,100,15208.62288248707,3.776472028400049,0.0,0,0.1468968049944913,2.252417676582201,4.957767168564083,0,0,0,88.8664463214592,behavior_clone_32768,False,1:1
79,1079,22452.98924159476,40,27,0,98,13186.856931182703,4.06359164468525,0.0,0,0.2566478933485421,2.7660939616453977,4.605403863976616,0,0,0,88.3082626363442,behavior_clone_32768,False,1:1
80,1000,19580.01540512703,40,23,0,100,17153.102490181995,4.8352941176470585,0.0,0,0.1,3.5352941176470587,6.552941176470588,0,0,0,84.97647058823529,behavior_clone_32768,False,1:1
81,1124,22125.99611942812,40,28,1,98,14249.691218010663,8.429715302491102,0.0,0,2.2760972716488728,1.631079478054567,3.351126927639384,0,0,0,84.31198102016609,behavior_clone_32768,False,1:1
82,1207,24470.13431944725,40,30,1,98,11882.229352087068,10.787075393537696,0.0,0,2.046396023198012,1.8641259320629664,4.250207125103563,0,0,0,81.05219552609778,behavior_clone_32768,False,1:1
83,959,19093.069546334988,40,20,0,98,18934.203451398396,4.676746611053181,0.0,0,0.2398331595411886,3.1334723670490097,6.850886339937436,0,0,0,85.09906152241918,behavior_clone_32768,False,1:1
84,1052,21807.46936595772,40,22,0,100,18821.93063785626,7.166244190959019,0.575623151668779,0,1.4152936206168147,2.4926066751161806,6.199831009716942,0,0,0,82.15040135192226,behavior_clone_32768,False,1:1
85,968,19455.29373365708,40,22,0,100,17795.622152583877,11.98921028466483,0.0,0,1.4348025711662076,1.4864554637281913,3.2139577594123057,0,0,0,81.87557392102846,behavior_clone_32768,False,1:1
86,1113,23981.77038127012,40,20,0,100,17019.64678316385,5.516621743036837,0.0,0,0.2964959568733153,3.113207547169812,4.177897574123989,0,0,0,86.89577717879605,behavior_clone_32768,False,1:1
87,892,16725.82391561288,40,21,0,100,17142.03788588904,8.703091810243096,0.3186216662733065,0,0.7198489497285815,2.8852962001416094,6.171819683738494,0,0,0,81.20132168987489,behavior_clone_32768,False,1:1
88,986,19715.069316789835,40,22,0,100,18298.18125390114,4.254000450755015,0.0,0,0.4676583276988956,3.160919540229884,6.772594095109308,0,0,0,85.34482758620689,behavior_clone_32768,False,1:1
89,1138,24933.27557509636,40,29,0,100,12138.166116084161,8.09234702029078,0.0,0,1.9012621824572613,1.9651701549768328,3.5149384885764503,0,0,0,84.52628215369867,behavior_clone_32768,False,1:1
90,1053,21891.58982255245,40,23,0,98,17163.678039968152,3.659013462935032,0.0,0,0.2793140048042009,3.7037037037037046,7.385062287023071,0,0,0,84.97290654153399,behavior_clone_32768,False,1:1
91,1162,25125.127158203934,40,25,0,100,16322.157412994427,7.997705106138842,0.0,0,1.4974182444061963,2.6506024096385543,5.547905909351693,0,0,0,82.30636833046472,behavior_clone_32768,False,1:1
92,1044,21804.890202027367,40,22,0,100,16696.190375969632,8.727117922520222,0.0,0,0.3565346956151554,2.9959557258407834,4.996807151979566,0,0,0,82.9235845040443,behavior_clone_32768,False,1:1
93,1106,23034.174010595987,40,27,0,98,15418.386488862945,4.861594102100431,0.0,0,0.4381694255111976,2.879399081930728,5.543190986228961,0,0,0,86.27764640422869,behavior_clone_32768,False,1:1
94,1012,20095.40324216197,40,28,0,100,12961.95397771965,3.1373517786561265,0.0,0,0.4034914361001317,3.664361001317523,7.88866930171278,0,0,0,84.90612648221344,behavior_clone_32768,False,1:1
95,1053,21932.392234018756,40,24,0,100,15465.396124680865,4.617758784425451,0.0,0,0.3264482431149098,0.991215574548908,3.341642924976258,0,0,0,90.72293447293448,behavior_clone_32768,False,1:1
96,918,17369.574566758878,40,26,0,100,12689.114925542715,8.006535947712418,0.0,0,1.377217553688142,3.096794273264861,5.298786181139121,0,0,0,82.22066604419545,behavior_clone_32768,False,1:1
97,1071,22147.14147935966,40,30,0,100,11581.58690477864,7.805788982259571,0.0,0,1.3258636788048557,2.0541549953314657,5.284780578898226,0,0,0,83.52941176470588,behavior_clone_32768,False,1:1
98,1174,24445.31855311253,40,32,0,100,9810.313752483858,5.313032367972742,0.0,0,1.7142248722316866,3.3006814310051107,7.570272572402044,0,0,0,82.10178875638842,behavior_clone_32768,False,1:1
99,1274,28506.967943691903,40,28,0,100,12746.808570994592,3.100470957613815,0.0,0,0.5363683935112509,1.7791732077446365,6.155154369440084,0,0,0,88.42883307169022,behavior_clone_32768,False,1:1
100,1130,24240.35624850957,40,23,0,100,18769.473587043445,8.334200937011973,0.0,0,1.2493492972410205,2.087454450806871,4.305049453409683,0,0,0,84.02394586153044,behavior_clone_32768,False,1:1
101,1023,20196.609342941207,40,29,0,100,13400.385634776352,5.287478894517018,0.0,0,1.1108148938060962,2.319381498267129,5.376344086021506,0,0,0,85.90598062738826,behavior_clone_32768,False,1:1
102,1031,20398.72809621613,40,30,0,100,11478.754612451401,6.702230843840932,0.0,0,0.6983511154219205,2.638215324927255,6.353055286129971,0,0,0,83.60814742967993,behavior_clone_32768,False,1:1
103,1045,22028.067535977058,40,20,0,100,19040.954488911608,5.842105263157895,0.0,0,0.3779904306220095,2.636363636363636,5.794258373205743,0,0,0,85.3492822966507,behavior_clone_32768,False,1:1
104,1133,24105.56773613013,40,27,0,100,13327.200685945163,6.456650145970535,0.0,0,1.0183990766515036,3.319980989883902,6.076447824020641,0,0,0,83.12852196347343,behavior_clone_32768,False,1:1
105,1266,29589.66357209198,40,18,0,98,19016.605738413135,6.925894011202066,0.0,0,0.8186126669538991,1.3140887548470488,3.7663363492747375,0,0,0,87.17506821772226,behavior_clone_32768,False,1:1
106,1290,29227.217896735256,40,27,0,98,17053.40081912895,5.79010137149672,0.0,0,0.590339892665474,2.83840190816935,5.4323196183661295,0,0,0,85.34883720930232,behavior_clone_32768,False,1:1
107,1018,20003.34498882079,40,24,0,100,16734.190964438953,6.618369351669941,0.0,0,0.6016699410609039,3.720530451866405,6.127210216110018,0,0,0,82.93222003929272,behavior_clone_32768,False,1:1
108,1055,20599.002744849106,40,34,0,100,8837.040289014709,4.154818325434439,0.0,0,2.259083728278041,1.5797788309636651,4.407582938388625,0,0,0,87.59873617693523,behavior_clone_32768,False,1:1
109,1080,22773.87934853848,40,24,0,100,15209.65867873429,3.373842592592593,0.0,0,0.324074074074074,2.424768518518519,6.377314814814816,0,0,0,87.5,behavior_clone_32768,False,1:1
110,1137,24102.01576127749,40,27,0,100,15384.745015915145,7.083417901359852,0.0,0,0.6427170015560517,2.3814356268182126,6.731614911034436,0,0,0,83.16081455923143,behavior_clone_32768,False,1:1
111,1236,27704.94323395618,40,20,0,100,18429.610652329582,5.372168284789645,0.0,0,0.4975728155339805,2.916666666666667,4.963592233009708,0,0,0,86.25,behavior_clone_32768,False,1:1
112,1012,20091.63099489323,40,28,0,98,15691.896222137784,12.475296442687748,0.0,0,1.0622529644268774,1.5563241106719368,4.0019762845849804,0,0,0,80.90415019762847,behavior_clone_32768,False,1:1
113,872,15778.846592213104,40,24,0,100,14301.314407428994,4.29329128440367,0.0,0,0.7884174311926605,3.246846330275229,6.687213302752292,0,0,0,84.98423165137613,behavior_clone_32768,False,1:1
114,1144,24285.06214332416,40,27,0,100,15097.14437256619,4.249596557288864,0.0,0,0.6791285637439485,3.5301237224314144,7.504034427111351,0,0,0,84.03711672942443,behavior_clone_32768,False,1:1
115,921,18084.970775337824,40,15,0,100,21937.025499251526,7.170466883821933,0.0,0,0.4473398479913138,1.950054288816504,4.946796959826277,0,0,0,85.48534201954395,behavior_clone_32768,False,1:1
116,1137,24122.14420660763,40,25,0,100,13707.188271091782,4.303723248314277,0.0,0,0.7563764291996481,2.5036646144825565,6.086191732629728,0,0,0,86.35004397537381,behavior_clone_32768,False,1:1
117,1034,21134.95148366168,40,22,0,100,18491.680904271932,6.845046206748334,0.0,0,0.5319148936170214,3.0894046851493653,5.507199656135827,0,0,0,84.02643455834946,behavior_clone_32768,False,1:1
118,1047,19722.73560161782,40,33,1,98,9168.002671288792,6.658480010915541,0.0,0,2.237685905307682,2.551507709100832,4.6254604993860005,0,0,0,83.92686587528995,behavior_clone_32768,False,1:1
119,1191,26799.83195835866,40,20,0,100,19499.429340755585,5.642317380352644,0.0,0,0.6633081444164568,2.6532325776658268,5.251889168765742,0,0,0,85.78925272879933,behavior_clone_32768,False,1:1
120,1045,21861.333618984787,40,21,0,98,18342.38077623607,5.555275749181567,0.0,0,0.3223369428355578,2.6139511458071016,5.122135482246286,0,0,0,86.3863006799295,behavior_clone_32768,False,1:1
121,1064,21787.6243900926,40,20,0,100,19227.230916052406,5.136278195488722,0.0,0,0.1973684210526315,2.969924812030075,5.5968045112781954,0,0,0,86.09962406015039,behavior_clone_32768,False,1:1
122,1015,18928.796501794284,40,25,1,98,15545.64615642492,8.400656814449917,0.0,0,0.8341543513957306,2.4827586206896552,5.444991789819377,0,0,0,82.83743842364532,behavior_clone_32768,False,1:1
123,1124,24282.654300133137,40,24,0,98,18348.443875027613,8.49644128113879,0.0,0,1.6236654804270465,1.6459074733096084,5.727313167259785,0,0,0,82.50667259786476,behavior_clone_32768,False,1:1
124,1195,26793.822947459827,40,25,0,98,16558.521820778253,6.376569037656903,0.0,0,0.8479776847977684,2.3375174337517435,4.764295676429567,0,0,0,85.67364016736401,behavior_clone_32768,False,1:1
125,1085,22886.245279020437,40,24,0,100,13508.473407521384,1.5495391705069124,0.0,0,0.2419354838709677,2.8859447004608296,6.883640552995392,0,0,0,88.4389400921659,behavior_clone_32768,False,1:1
126,946,18099.534646418764,40,25,0,98,13189.327664313729,3.0866807610993656,0.0,0,0.1620859760394644,3.481324876673714,7.124735729386892,0,0,0,86.14517265680058,behavior_clone_32768,False,1:1
127,1316,29485.42469389482,40,33,0,100,10931.772234378735,5.948762483716891,0.0,0,2.0733825445071643,2.442466348241424,5.3082935301780285,0,0,0,84.2270950933565,behavior_clone_32768,False,1:1
128,1135,24722.136371205903,40,21,0,100,17405.198175283575,4.247623463946209,0.0,0,0.3477857639693948,2.675631810804545,5.369812195687455,0,0,0,87.35914676559237,behavior_clone_32768,False,1:1
129,945,17613.41954444017,40,27,0,100,14379.615646307326,5.535205535205535,0.0,0,0.6023606023606024,3.5978835978835986,7.098087098087099,0,0,0,83.16646316646317,behavior_clone_32768,False,1:1
130,1414,34160.533846122686,40,27,0,98,12703.014302268897,5.385703405505385,0.0,0,0.99009900990099,2.1542813622021546,3.721031443803721,0,0,0,87.74888477858775,behavior_clone_32768,False,1:1
131,1129,23751.896970604936,40,28,0,100,13412.454540775489,6.406849719515796,0.0,0,1.4688514909949806,2.465308532624741,6.045172719220549,0,0,0,83.61381753764392,behavior_clone_32768,False,1:1
132,1042,21571.31741882095,40,21,0,100,19225.946692525766,7.126982523487221,0.0,0,0.3687241135468231,2.4345893524598448,5.480351550661682,0,0,0,84.58935245984442,behavior_clone_32768,False,1:1
133,1276,28325.31082483728,40,26,0,100,15730.87523791313,5.709807433945365,0.0,0,0.5653828929690998,2.3622928795342584,4.506269592476489,0,0,0,86.8562472010748,behavior_clone_32768,False,1:1
134,1179,25630.898774736863,40,30,0,100,10050.699788106016,1.9083969465648851,0.0,0,0.3223070398642917,3.553859202714164,7.803223070398642,0,0,0,86.41221374045801,behavior_clone_32768,False,1:1
135,1263,28955.40438765532,40,19,0,98,20081.06414053391,4.55830788372356,0.0,0,0.5353843833653811,1.7079515891867436,3.611959431436866,0,0,0,89.58639671228744,behavior_clone_32768,False,1:1
136,1053,22006.06393229395,40,22,0,100,17106.667426308824,5.080721747388415,0.0,0,0.4590060145615702,2.6221378073229924,5.2548274770497,0,0,0,86.58330695367732,behavior_clone_32768,False,1:1
137,1007,19740.218704338928,40,28,0,100,12941.74399531753,4.9073154584574645,0.0,0,0.5047997351870241,3.930817610062893,5.792783846408474,0,0,0,84.86428334988413,behavior_clone_32768,False,1:1
138,1114,23309.94579816739,40,28,0,100,12563.726903512945,6.867145421903051,0.0,0,1.1146020347097547,2.468581687612208,4.809994015559545,0,0,0,84.73967684021544,behavior_clone_32768,False,1:1
139,1118,23448.53904719183,40,26,0,100,15406.785843244783,5.053667262969588,0.0,0,0.5750063889598773,3.079478660874009,6.7467416304625605,0,0,0,84.54510605673396,behavior_clone_32768,False,1:1
140,1238,27345.7361600214,40,22,0,98,21978.239805791138,9.459702028361155,0.0,0,1.1936815652486092,2.2213247172859445,5.376054568300124,0,0,0,81.74923712080417,behavior_clone_32768,False,1:1
141,1074,22594.87832090833,40,16,0,100,22696.04625217399,4.919304779639975,0.0,0,0.8418684047175667,3.2472067039106154,6.222842954686531,0,0,0,84.7687771570453,behavior_clone_32768,False,1:1
142,1070,21709.374555618702,40,31,0,98,11172.484313091629,6.801661474558671,0.0,0,0.7268951194184838,1.5368639667705088,5.005192107995847,0,0,0,85.92938733125649,behavior_clone_32768,False,1:1
143,1047,21594.241745146068,40,27,0,100,12031.438072816041,3.4751304092278303,0.0,0,0.3600029387995004,3.453089412974799,6.56821688340313,0,0,0,86.14356035559473,behavior_clone_32768,False,1:1
144,1065,22562.697049491464,40,19,0,100,20872.375998155458,11.017214397496089,0.0,0,0.9434384082271408,2.606751620836128,4.788732394366197,0,0,0,80.64386317907444,behavior_clone_32768,False,1:1
145,967,17516.322229631533,40,23,1,98,14746.776341888124,9.148974998479227,0.0,0,0.6813066488229211,2.0621692317050915,3.893180850416692,0,0,0,84.21436827057606,behavior_clone_32768,False,1:1
146,1053,21676.0685739046,40,22,0,100,18831.012330368867,8.990186767964547,0.0,0,1.118497414793711,2.6326896697267066,6.278358130209982,0,0,0,80.98026801730506,behavior_clone_32768,False,1:1
147,1047,21852.605418147727,40,25,0,98,15941.081972709897,5.342247691817892,0.0,0,0.2483285577841451,4.348933460681312,7.265202164915631,0,0,0,82.79528812480102,behavior_clone_32768,False,1:1
148,988,19620.696486521338,40,20,0,98,19851.947813877694,9.50910931174089,0.0,0,0.8198380566801619,3.5273279352226714,6.391700404858301,0,0,0,79.75202429149796,behavior_clone_32768,False,1:1
149,1011,19851.214169864124,40,27,0,98,11806.027604309833,4.002130411625961,0.0,0,0.6847751654873317,2.723883436049608,5.774937228943164,0,0,0,86.81427375789393,behavior_clone_32768,False,1:1
150,1050,21587.147613278776,40,25,0,100,15511.79142557298,8.5015873015873,0.0,0,0.9587301587301588,2.342857142857143,4.520634920634921,0,0,0,83.67619047619047,behavior_clone_32768,False,1:1
151,1152,24693.788704060946,40,26,0,100,15279.002137680556,3.955853174603175,0.0,0,0.2418154761904762,2.4057539682539684,5.865575396825398,0,0,0,87.53100198412699,behavior_clone_32768,False,1:1
152,1204,26975.34617590717,40,22,0,100,18713.177883348606,6.672203765227021,0.0,0,0.5952380952380953,2.630121816168328,5.10797342192691,0,0,0,84.99446290143966,behavior_clone_32768,False,1:1
153,852,15474.233750341207,40,18,0,100,19020.718195946916,7.511737089201878,0.0,0,0.2774221084080239,3.6971830985915495,6.679470763977807,0,0,0,81.83418693982074,behavior_clone_32768,False,1:1
154,1301,24924.14945432944,40,31,2,96,13210.68721266983,19.028098044239474,0.0,0,3.228285933897003,1.3152276026987788,3.279528567768383,0,0,0,73.14885985139635,behavior_clone_32768,False,1:1
155,991,19730.708411940945,40,22,0,100,16201.632795169078,5.673281758044624,0.0,0,0.431662742459917,2.685278618679224,5.107074784168629,0,0,0,86.1027020966476,behavior_clone_32768,False,1:1
156,1159,25337.62436253801,40,27,0,100,13491.770800468592,2.880467246299861,0.0,0,0.2455697882790203,1.7588106457821728,3.3450587376385474,0,0,0,91.7700935820004,behavior_clone_32768,False,1:1
157,1272,26524.23851576297,40,31,1,98,11573.564986678544,8.612858141160029,0.0,0,2.751572327044025,1.3277428371767994,2.891334730957372,0,0,0,84.41649196366178,behavior_clone_32768,False,1:1
158,1102,23786.29706847935,40,23,0,100,15858.64805463459,3.2507739938080498,0.0,0,0.101419878296146,3.49631685705135,5.925056047827479,0,0,0,87.22643322301697,behavior_clone_32768,False,1:1
159,1097,22913.32731209605,40,29,0,100,12460.778318236451,8.287063893262617,0.0,0,1.3176431590287558,3.886632965940168,4.814784121985581,0,0,0,81.69387585978288,behavior_clone_32768,False,1:1
160,1243,27956.051300108094,40,30,0,100,13173.919828794298,7.779565567176187,0.0,0,0.8849557522123893,2.1721641190667738,5.317779565567175,0,0,0,83.84553499597749,behavior_clone_32768,False,1:1
161,1154,24369.47169949102,40,28,0,100,12980.930091734277,2.19526285384171,0.0,0,0.1010976314269208,2.4985557481224725,4.997111496244946,0,0,0,90.20797227036395,behavior_clone_32768,False,1:1
162,1270,28482.851952995177,40,31,0,98,9501.080277949042,4.706911636045494,0.0,0,1.0411198600174978,2.965879265091864,5.074365704286963,0,0,0,86.21172353455819,behavior_clone_32768,False,1:1
163,1190,23019.56885467686,40,34,1,98,8354.02406619358,7.142857142857143,0.0,0,3.2072829131652663,1.6106442577030813,2.8991596638655466,0,0,0,85.14005602240897,behavior_clone_32768,False,1:1
164,907,16900.75056855918,40,27,0,100,12904.791444370998,13.493342379781188,0.0,0,2.0608939021287425,4.062420490204393,6.038503943685861,0,0,0,74.34483928419981,behavior_clone_32768,False,1:1
165,956,18456.204762049656,40,25,0,100,13407.564214332737,4.07252440725244,0.0,0,0.4393305439330544,3.8981868898186898,5.676429567642956,0,0,0,85.91352859135284,behavior_clone_32768,False,1:1
166,1001,19451.98114562576,40,31,0,100,9960.216123645558,1.6317016317016315,0.0,0,0.4218004218004218,3.907203907203908,8.835608835608834,0,0,0,85.2036852036852,behavior_clone_32768,False,1:1
167,1292,29734.528578678197,40,24,0,98,15320.036630983295,6.680534055727554,0.0,0,0.890092879256966,2.080108359133127,3.9570433436532495,0,0,0,86.39222136222911,behavior_clone_32768,False,1:1
168,1282,30111.867367677427,40,19,0,100,19125.53720047403,4.9067676992794,0.0,0,0.4383032464155708,2.128370849119679,4.416462372780625,0,0,0,88.11009583240471,behavior_clone_32768,False,1:1
169,1051,21247.05067497531,40,20,0,100,20311.551594657736,5.085632730732636,0.0,0,0.2188392007611798,2.136060894386299,5.708848715509039,0,0,0,86.85061845861085,behavior_clone_32768,False,1:1
170,1027,20191.04520123248,40,25,0,100,15544.93196407843,6.147354754949692,0.0,0,0.519311911716975,3.414475819539111,7.0366764037650125,0,0,0,82.88218111002921,behavior_clone_32768,False,1:1
171,1471,35685.78112944852,40,27,0,100,15660.265228736249,5.203158500235318,0.0,0,0.8000836688804057,1.819798148826021,4.120692359985358,0,0,0,88.0562673220729,behavior_clone_32768,False,1:1
172,1147,24200.84228671425,40,28,0,100,12866.946920138536,7.795698924731182,0.0,0,1.2569020633536765,2.935193257773903,5.630630630630631,0,0,0,82.38157512351061,behavior_clone_32768,False,1:1
173,1071,22461.58307185047,40,22,0,100,16661.04381003443,6.608569353667392,0.0,0,0.8610851748106649,3.076045232907977,4.974582425562817,0,0,0,84.47971781305114,behavior_clone_32768,False,1:1
174,1030,20833.561171318957,40,26,0,98,13610.20679510462,3.155339805825243,0.0,0,0.1386962552011095,2.6907073509015254,6.664355062413315,0,0,0,87.35090152565883,behavior_clone_32768,False,1:1
175,1414,33624.75429403912,40,26,0,100,15005.568276228048,3.798747221660941,0.2172155991109315,0,0.8789654475651647,2.13174378662356,4.298848252172156,0,0,0,88.67447969286724,behavior_clone_32768,False,1:1
176,1076,22197.13329980995,40,30,0,100,13132.145962653165,5.650557620817844,0.0,0,1.1059479553903344,4.024163568773234,8.317843866171003,0,0,0,80.90148698884758,behavior_clone_32768,False,1:1
177,1294,29551.0679166246,40,26,0,98,15732.237790420611,6.276219916096268,0.0,0,0.7727975270479135,2.3625524398321924,4.277986310443806,0,0,0,86.31044380657981,behavior_clone_32768,False,1:1
178,1065,21658.609060909323,40,24,0,100,14660.252332391881,5.22887323943662,0.0,0,0.2053990610328638,3.1396713615023475,6.42605633802817,0,0,0,85.0,behavior_clone_32768,False,1:1
179,938,17796.613162419504,40,24,0,100,16329.181281942036,5.943496801705757,0.0,0,1.246002132196162,2.511993603411514,5.443763326226013,0,0,0,84.85474413646054,behavior_clone_32768,False,1:1
180,1074,23338.409624980388,40,21,0,98,20009.436347707804,5.297461530922278,0.0,0,0.5929628540625307,3.1510340096050182,5.709105165147505,0,0,0,85.24943644026268,behavior_clone_32768,False,1:1
181,1240,27528.88251259121,40,24,0,98,14796.203730462707,4.964717741935484,0.0,0,0.3528225806451612,2.4495967741935485,4.959677419354839,0,0,0,87.27318548387096,behavior_clone_32768,False,1:1
182,1165,25759.71760360343,40,22,0,98,17052.315823588597,4.234620886981402,0.0,0,0.4101096804959466,2.145922746781116,5.154983309489747,0,0,0,88.05436337625179,behavior_clone_32768,False,1:1
183,999,19725.85894603588,40,29,0,100,12258.126197821326,6.442806442806443,0.0,0,1.0283010283010283,2.9393029393029386,6.051506051506052,0,0,0,83.53808353808354,behavior_clone_32768,False,1:1
184,1038,21050.116062358837,40,26,0,98,13964.724680666572,5.002752546105146,0.0,0,0.1513900357830994,5.188549408202587,6.7230938618221865,0,0,0,82.93421414808698,behavior_clone_32768,False,1:1
185,1473,35680.5456410476,40,25,0,100,16321.593868052389,6.607829825752432,0.0,0,1.1450554424077846,1.9099343742928263,3.8334464811043225,0,0,0,86.50373387644262,behavior_clone_32768,False,1:1
186,1025,21640.479395979928,40,22,0,100,17345.61353663649,3.398373983739837,0.0,0,0.4281842818428183,2.2168021680216805,4.959349593495936,0,0,0,88.99728997289972,behavior_clone_32768,False,1:1
187,975,19246.422858043155,40,21,0,100,18395.730656535463,7.1417004048583,0.0,0,0.437246963562753,3.524966261808367,5.117408906882591,0,0,0,83.77867746288798,behavior_clone_32768,False,1:1
188,1074,20503.933692688774,40,25,1,98,15656.867870715452,8.417132216014897,0.0,0,1.707014276846679,1.936685288640596,4.68032278088144,0,0,0,83.25884543761639,behavior_clone_32768,False,1:1
189,918,18006.375912678504,40,20,0,100,18412.91271070214,8.453159041394334,0.0,0,0.7516339869281048,2.5,6.437908496732027,0,0,0,81.85729847494554,behavior_clone_32768,False,1:1
190,1156,25299.32513408542,40,20,0,100,18172.630252619907,9.238754325259515,0.0,0,0.6401384083044983,2.210207612456748,4.2863321799307945,0,0,0,83.62456747404843,behavior_clone_32768,False,1:1
191,1065,21746.659538957145,40,30,0,100,11605.065694642057,6.666666666666667,0.0,0,1.4366197183098592,1.6431924882629108,4.544600938967136,0,0,0,85.70892018779342,behavior_clone_32768,False,1:1
192,1123,24541.80694324248,40,23,0,98,17179.54121309278,3.991409564716359,0.0,0,0.4295217641820753,2.812843748363103,5.238070294903359,0,0,0,87.5281546278351,behavior_clone_32768,False,1:1
193,1377,33182.656095362894,40,18,0,98,22500.77239108651,5.535749653396712,0.0,0,0.557866244140754,1.865055786624414,3.835743051429326,0,0,0,88.2055852644088,behavior_clone_32768,False,1:1
194,1037,20758.65671867112,40,24,0,100,15056.321025200305,4.743249758919961,0.0,0,0.1868370298939248,2.9411764705882355,5.840163934426228,0,0,0,86.28857280617164,behavior_clone_32768,False,1:1
195,1112,23185.05179918699,40,26,0,100,14243.503603770183,6.545477903391573,0.0,0,1.1369475847893111,3.3979958890030835,5.838900308324769,0,0,0,83.08067831449127,behavior_clone_32768,False,1:1
196,1002,20208.01802939986,40,27,0,100,12986.186971831885,5.0514355903577455,0.0,0,0.4913250422232458,3.1705819130968838,6.586826347305388,0,0,0,84.69983110701675,behavior_clone_32768,False,1:1
197,985,19402.15528994806,40,22,0,100,17238.3817689003,4.613649182177101,0.0,0,0.5132543711223914,4.382402707275803,6.012408347433728,0,0,0,84.47828539199097,behavior_clone_32768,False,1:1
198,1075,22041.58906875284,40,29,0,98,13821.677884787494,8.49894291754757,0.0,0,1.8435517970401696,2.0380549682875264,4.735729386892177,0,0,0,82.88372093023256,behavior_clone_32768,False,1:1
199,1110,23510.25055795929,40,24,0,100,16207.907173730955,4.757882882882883,0.0,0,0.456081081081081,3.1756756756756754,6.306306306306307,0,0,0,85.30405405405405,behavior_clone_32768,False,1:1
