episode,steps,accumulated_reward,enemies_shotdown,friends_shotdown,sucessful_attacks,interest_point_health,total_distance_traveled,state PURSUING,state HOLD - WAIT,state HOLD - RETURN,state HOLD - NO ENOUGH COMM,state HOLD - INTCPT,state GO HOLD INTCPT,state HOLD - SPREAD,state HOLD - JOYSTICK,state HOLD - NO JOYSTICK,state HOLD - BC,state HOLD - BENCHMARK,simulation,formation,ratio friend:enemy
0,1861,43661.26125023662,40,25,1,96,5276.969823587847,13.361991760702132,34.28264373992477,0,11.69622066989074,0.2507612394769837,0.985133440802436,0,0,0,39.42324914920294,0,behavior_clone_32768,False,0.7:1
1,1935,44384.7720301679,40,25,2,96,4683.163868365133,11.214470284237729,10.146425495262704,0,6.3565891472868215,0.8785529715762275,1.7915590008613265,0,0,0,69.6124031007752,0,behavior_clone_32768,False,0.7:1
2,1823,37367.438899467015,40,26,3,94,6282.9883763992675,11.958310477235328,9.68184311574328,0,8.584750411409765,0.0,0.301700493691717,0,0,0,69.47339550191992,0,behavior_clone_32768,False,0.7:1
3,1723,42535.35157661417,40,18,0,100,15041.15589783333,7.457922228670923,0.0,0,2.9889727219965176,1.3058618688334296,2.640742890307603,0,0,0,85.60650029019153,0,behavior_clone_32768,False,0.7:1
4,1597,28032.47027705933,40,26,5,88,5022.4544610291705,21.41515341264872,21.35253600500939,0,13.462742642454604,1.3462742642454604,2.2542266750156545,0,0,0,40.16906700062617,0,behavior_clone_32768,False,0.7:1
5,1360,29551.112539940757,40,24,1,98,6787.726475748019,12.297794117647058,0.2022058823529411,0,7.371323529411764,0.2757352941176471,1.1397058823529411,0,0,0,78.71323529411765,0,behavior_clone_32768,False,0.7:1
6,1984,44377.66156601504,40,26,3,94,4528.346047413577,7.787298387096775,26.789314516129032,0,7.913306451612904,1.6381048387096773,2.9989919354838706,0,0,0,52.872983870967744,0,behavior_clone_32768,False,0.7:1
7,1763,41237.52456397137,40,24,2,96,5806.873203358127,7.33125354509359,0.0,0,4.736245036868973,1.205331820760068,2.268859897901305,0,0,0,84.45830969937606,0,behavior_clone_32768,False,0.7:1
8,1700,40797.09450372514,40,20,0,98,11772.55520039857,5.5,0.3676470588235294,0,1.6838235294117645,2.375,4.227941176470589,0,0,0,85.84558823529412,0,behavior_clone_32768,False,0.7:1
9,1808,27982.27585820165,40,26,8,84,3716.471596592979,9.56858407079646,45.9070796460177,0,10.3429203539823,0.2765486725663716,1.133849557522124,0,0,0,32.77101769911505,0,behavior_clone_32768,False,0.7:1
10,1551,35491.2946542778,40,20,0,98,12503.19468892308,6.898774983881367,0.0,0,1.9987105093488076,1.9584139264990328,4.045776918117344,0,0,0,85.09832366215346,0,behavior_clone_32768,False,0.7:1
11,1825,32298.525569936704,40,26,6,88,3472.5926179733415,9.91780821917808,36.41095890410959,0,8.410958904109588,0.273972602739726,0.1643835616438356,0,0,0,44.821917808219176,0,behavior_clone_32768,False,0.7:1
12,1619,36197.60412039282,40,23,1,98,6790.09148437838,11.550339715873996,0.0,0,5.101914762198889,1.1488573193329217,0.7659048795552811,0,0,0,81.43298332303893,0,behavior_clone_32768,False,0.7:1
13,1425,32761.335068308694,40,20,0,100,12545.484213450607,9.114035087719298,0.0,0,5.298245614035087,1.0526315789473686,1.973684210526316,0,0,0,82.56140350877193,0,behavior_clone_32768,False,0.7:1
14,1806,25819.70922922001,40,26,9,82,2709.2042951765516,4.1528239202657815,43.798449612403104,0,6.976744186046512,0.0,0.3875968992248062,0,0,0,44.6843853820598,0,behavior_clone_32768,False,0.7:1
15,1497,29547.723965679885,40,24,2,96,6748.016146492868,14.562458249833,0.334001336005344,0,5.1937207748831,2.2879091516366064,4.108216432865732,0,0,0,73.51369405477622,0,behavior_clone_32768,False,0.7:1
16,1800,22337.149390814626,40,26,10,80,3343.8699576386184,8.25,48.41666666666666,0,7.777777777777778,0.0277777777777777,0.6944444444444444,0,0,0,34.83333333333333,0,behavior_clone_32768,False,0.7:1
17,1907,34814.75806010407,40,26,7,86,2917.0197758167737,7.079181961195594,49.52805453592029,0,5.610907184058731,1.3109596224436288,0.8127949659150498,0,0,0,35.6581017304667,0,behavior_clone_32768,False,0.7:1
18,1804,38380.00524221795,40,25,2,96,6542.620923407387,16.407982261640797,15.946045824094606,0,13.285291943828527,0.2402069475240207,0.4988913525498891,0,0,0,53.62158167036216,0,behavior_clone_32768,False,0.7:1
19,1800,10546.755427537291,40,26,16,68,2365.036686239172,5.222222222222222,60.19444444444444,0,5.0,1.9166666666666663,3.9444444444444446,0,0,0,23.72222222222222,0,behavior_clone_32768,False,0.7:1
20,1988,38297.70816731991,40,26,6,88,4308.513583982618,9.02917505030181,31.48893360160966,0,6.866197183098592,0.6287726358148893,1.6851106639839033,0,0,0,50.30181086519115,0,behavior_clone_32768,False,0.7:1
21,1046,16210.57462297343,40,18,2,94,12069.342424734188,14.321223709369026,0.0,0,2.934990439770555,3.2695984703632885,4.378585086042064,0,0,0,75.09560229445508,0,behavior_clone_32768,False,0.7:1
22,1526,34269.9489764155,40,20,1,98,10166.477219849869,7.650720838794234,0.0,0,1.384338138925295,1.957732634338139,3.0799475753604195,0,0,0,85.92726081258192,0,behavior_clone_32768,False,0.7:1
23,2033,47523.3942432133,40,26,3,92,4448.244353371027,4.672897196261682,24.39744220363994,0,7.4766355140186915,1.4510575504181016,0.6640432857845548,0,0,0,61.33792424987703,0,behavior_clone_32768,False,0.7:1
24,1584,31242.046752863425,40,25,2,96,6423.0274662028,16.372053872053872,0.3367003367003367,0,9.25925925925926,0.6313131313131314,0.3998316498316498,0,0,0,73.00084175084174,0,behavior_clone_32768,False,0.7:1
25,1252,26482.72532262794,40,21,0,98,8547.341535471965,9.367868553172068,0.0,0,3.594249201277956,1.9397535371976264,4.107713372889092,0,0,0,80.99041533546325,0,behavior_clone_32768,False,0.7:1
26,1968,38427.50606913445,40,26,6,86,3193.347998649361,5.132113821138211,54.09044715447155,0,5.640243902439025,0.584349593495935,1.8800813008130084,0,0,0,32.67276422764228,0,behavior_clone_32768,False,0.7:1
27,1851,46515.09391284014,40,26,1,96,3792.9273292369744,12.533765532144786,12.641815235008105,0,6.374932468935711,0.9184224743381956,2.9983792544570504,0,0,0,64.53268503511615,0,behavior_clone_32768,False,0.7:1
28,1178,24492.81218655414,40,18,0,98,11272.952828672742,5.534804753820033,0.0,0,1.222410865874363,2.1901528013582343,4.100169779286928,0,0,0,86.95246179966044,0,behavior_clone_32768,False,0.7:1
29,1255,26183.71039427162,40,22,0,100,9179.610485295598,10.50464807436919,0.0,0,5.962815405046481,2.00531208499336,3.3067729083665336,0,0,0,78.22045152722444,0,behavior_clone_32768,False,0.7:1
30,1971,43326.50400206326,40,26,4,92,3796.3738740220383,6.747843734145103,27.879249112125823,0,7.026889903602232,0.2536783358701167,1.0908168442415016,0,0,0,57.00152207001522,0,behavior_clone_32768,False,0.7:1
31,1501,32045.571197301004,40,24,1,98,7430.031520071194,12.60826115922718,0.4497001998667554,0,8.277814790139907,1.948700866089274,3.1479013990672886,0,0,0,73.5676215856096,0,behavior_clone_32768,False,0.7:1
32,1894,42207.18860120574,40,25,3,92,5953.052789390174,15.205913410770854,12.63639563533967,0,6.195001759943681,0.7919746568109821,0.985568461809222,0,0,0,64.18514607532559,0,behavior_clone_32768,False,0.7:1
33,1800,24475.685900915185,40,26,10,80,3371.457687276529,13.416666666666666,43.138888888888886,0,8.25,0.2222222222222222,0.8055555555555556,0,0,0,34.16666666666667,0,behavior_clone_32768,False,0.7:1
34,1657,31427.51481119276,40,26,4,92,4189.101313698114,14.544357272178637,29.662039831019914,0,9.324079662039832,0.995775497887749,2.504526252263126,0,0,0,42.96922148461074,0,behavior_clone_32768,False,0.7:1
35,1421,32152.342332603537,40,21,0,100,10574.058997595515,9.40987232331356,0.0,0,5.09701417512818,0.9550618276867396,2.332361516034985,0,0,0,82.20569015783654,0,behavior_clone_32768,False,0.7:1
36,1808,26705.04567335468,40,26,9,82,3574.54563909618,6.996681415929205,40.8462389380531,0,9.292035398230087,0.2488938053097345,0.8573008849557522,0,0,0,41.758849557522126,0,behavior_clone_32768,False,0.7:1
37,1676,26657.69525012584,40,25,6,88,4561.484260649239,8.910103420843278,6.085918854415274,0,5.767700875099443,1.3922036595067622,2.068416865552904,0,0,0,75.77565632458234,0,behavior_clone_32768,False,0.7:1
38,1637,34567.78915349663,40,24,2,94,6623.272030909091,5.757483200977397,0.0,0,1.5729993891264509,0.6566890653634696,2.73365913255956,0,0,0,89.27916921197311,0,behavior_clone_32768,False,0.7:1
39,2199,54537.28736598046,40,26,2,94,3775.4909722883413,6.070941336971351,24.170077307867214,0,8.61755343337881,0.7048658481127785,1.0914051841746248,0,0,0,59.34515688949522,0,behavior_clone_32768,False,0.7:1
40,1710,39863.53815224894,40,23,1,98,6591.647902517304,8.818713450292396,0.0,0,5.12280701754386,0.7368421052631579,1.4970760233918128,0,0,0,83.82456140350878,0,behavior_clone_32768,False,0.7:1
41,1795,29249.847788276664,40,26,8,84,4119.354004580354,15.84958217270195,42.47910863509749,0,8.272980501392757,0.0835654596100278,0.5571030640668524,0,0,0,32.75766016713092,0,behavior_clone_32768,False,0.7:1
42,1858,41941.08245276296,40,23,2,96,8306.494215526605,13.659849300322929,0.0,0,7.06135629709365,0.3982777179763186,0.7642626480086113,0,0,0,78.11625403659849,0,behavior_clone_32768,False,0.7:1
43,1973,38628.262377095416,40,26,6,88,2950.776073153012,0.937658388241257,46.629498226051695,0,3.573238722757223,1.7486061834769389,5.1951343132285865,0,0,0,41.9158641662443,0,behavior_clone_32768,False,0.7:1
44,1581,36662.16678976376,40,23,0,98,7012.125404499628,3.896268184693232,0.0,0,2.1758380771663504,1.4041745730550286,2.0999367488931058,0,0,0,90.42378241619228,0,behavior_clone_32768,False,0.7:1
45,1681,31335.48019409773,40,25,5,90,5311.154208304948,13.107277414237556,29.704540947848503,0,10.13285742613524,0.7336902637319056,3.351179853261947,0,0,0,42.970454094784856,0,behavior_clone_32768,False,0.7:1
46,1562,34453.30156804343,40,24,0,100,8102.070751084463,12.14788732394366,0.1600512163892445,0,7.378361075544173,0.7682458386683738,1.7445582586427657,0,0,0,77.80089628681178,0,behavior_clone_32768,False,0.7:1
47,1049,19964.071665807027,40,20,1,98,10898.053661797636,22.67635843660629,0.0834127740705433,0,8.567683508102954,0.4170638703527168,1.9780743565300287,0,0,0,66.27740705433746,0,behavior_clone_32768,False,0.7:1
48,1348,30135.65745984896,40,18,0,100,12732.620724106326,4.844213649851632,0.0,0,0.8753709198813058,2.403560830860534,3.850148367952522,0,0,0,88.026706231454,0,behavior_clone_32768,False,0.7:1
49,1818,13286.631004824649,40,26,15,70,2495.364849743371,3.4378437843784377,58.71837183718373,0,5.858085808580858,0.99009900990099,0.44004400440044,0,0,0,30.55555555555556,0,behavior_clone_32768,False,0.7:1
50,1663,39723.592060135736,40,22,0,98,8974.38589452603,6.133493686109441,0.0,0,3.928643014632191,1.1124473842453395,1.723792343154941,0,0,0,87.10162357185808,0,behavior_clone_32768,False,0.7:1
51,1960,38965.93927152531,40,24,5,90,7214.996455804543,10.994897959183676,0.0,0,4.323979591836735,1.2244897959183674,1.9260204081632653,0,0,0,81.53061224489795,0,behavior_clone_32768,False,0.7:1
52,1560,36277.92711648185,40,23,0,100,7616.193782982699,4.089743589743589,0.0,0,2.474358974358974,2.333333333333333,3.858974358974359,0,0,0,87.24358974358974,0,behavior_clone_32768,False,0.7:1
53,1545,35228.75319704152,40,25,0,100,6211.121159163762,6.515641855447681,0.0,0,3.969795037756203,1.1434735706580366,2.006472491909385,0,0,0,86.3646170442287,0,behavior_clone_32768,False,0.7:1
54,1497,33354.27781681659,40,19,1,98,11550.028092366134,11.103688859199885,0.0,0,4.067394047353967,1.2617828249090772,2.7536554590662803,0,0,0,80.8134788094708,0,behavior_clone_32768,False,0.7:1
55,1808,35850.523114709,40,26,5,90,4376.125181803407,11.42146017699115,25.912610619469028,0,9.513274336283184,0.0829646017699115,0.3042035398230088,0,0,0,52.76548672566372,0,behavior_clone_32768,False,0.7:1
56,1606,20170.86903508565,40,26,9,82,3622.183548128013,14.570361145703613,35.273972602739725,0,7.004981320049813,1.2141967621419676,1.5566625155666252,0,0,0,40.37982565379826,0,behavior_clone_32768,False,0.7:1
57,1558,34461.732148319345,40,24,1,98,6534.26534583484,7.862644415917844,0.0,0,5.022464698331194,1.0430038510911424,1.2997432605905008,0,0,0,84.77214377406932,0,behavior_clone_32768,False,0.7:1
58,1314,28894.59149731458,40,20,0,100,10006.193521514455,9.998097412480972,0.0,0,4.204718417047183,1.06544901065449,3.6054033485540327,0,0,0,81.1263318112633,0,behavior_clone_32768,False,0.7:1
59,1292,26962.235148948927,40,22,0,100,8194.119171798184,11.003611971104233,0.0,0,7.0562435500516,1.5608875128998967,1.8833849329205368,0,0,0,78.49587203302374,0,behavior_clone_32768,False,0.7:1
60,1131,22838.86247607923,40,21,0,100,8926.238669818265,10.812176329417708,0.0,0,6.984969053934571,1.136794240242516,2.058860679550335,0,0,0,79.00719969685487,0,behavior_clone_32768,False,0.7:1
61,1353,28381.036034111166,40,24,1,98,4966.547029223366,4.859571322985957,0.0,0,3.787878787878788,3.566149297856615,5.099778270509978,0,0,0,82.68662232076866,0,behavior_clone_32768,False,0.7:1
62,1661,30609.01354207489,40,24,5,90,6879.40840567761,7.766405779650813,0.4063816977724263,0,3.80794701986755,1.1288380493678507,2.664057796508128,0,0,0,84.22636965683323,0,behavior_clone_32768,False,0.7:1
63,1976,41265.76241537961,40,26,5,90,2757.456874864163,10.526315789473683,43.699392712550605,0,10.349190283400809,0.2530364372469635,0.0506072874493927,0,0,0,35.121457489878544,0,behavior_clone_32768,False,0.7:1
64,1493,32408.97387252288,40,20,1,98,10952.097281234132,8.958472873409244,0.0,0,3.1982585398526453,1.6493636972538517,2.930341594105827,0,0,0,83.26356329537843,0,behavior_clone_32768,False,0.7:1
65,1373,30773.25554589425,40,19,0,100,12064.461311913827,5.624342477947721,0.0,0,0.6716840657117423,2.6786436837420085,5.163065468964959,0,0,0,85.86226430363357,0,behavior_clone_32768,False,0.7:1
66,1822,39871.02751732714,40,26,3,94,4505.742955453707,13.309549945115258,22.74972557628979,0,10.071350164654223,0.5762897914379803,3.3754116355653125,0,0,0,49.91767288693744,0,behavior_clone_32768,False,0.7:1
67,1845,42465.013402556615,40,23,2,94,9633.172103793222,10.40650406504065,0.086720867208672,0,3.934959349593496,1.0514905149051492,1.4308943089430894,0,0,0,83.08943089430895,0,behavior_clone_32768,False,0.7:1
68,1975,42870.77699273823,40,26,4,92,3350.006012096035,6.810126582278481,22.0,0,8.278481012658228,0.0,0.0,0,0,0,62.911392405063296,0,behavior_clone_32768,False,0.7:1
69,1810,26783.86797343845,40,26,9,82,2896.5641734008755,5.359116022099448,52.513812154696126,0,5.80110497237569,2.016574585635359,4.226519337016574,0,0,0,30.0828729281768,0,behavior_clone_32768,False,0.7:1
70,1650,39225.382124200994,40,23,0,100,9132.883737030483,13.575757575757574,0.0,0,7.151515151515151,0.6424242424242423,1.0666666666666669,0,0,0,77.56363636363636,0,behavior_clone_32768,False,0.7:1
71,1272,24873.72361440649,40,21,1,98,11809.86992162744,8.760107816711589,0.0,0,3.930817610062893,1.1904761904761905,3.897124887690925,0,0,0,82.2214734950584,0,behavior_clone_32768,False,0.7:1
72,1459,30138.49944027513,40,24,1,96,6042.166128815808,14.787525702535984,0.0,0,8.139136394790953,0.5311857436600411,1.5764222069910898,0,0,0,74.96572995202193,0,behavior_clone_32768,False,0.7:1
73,1714,42160.82318574838,40,18,0,100,14807.217566141344,7.77712952158693,0.0,0,2.8529754959159863,1.3010501750291714,2.9754959159859977,0,0,0,85.09334889148192,0,behavior_clone_32768,False,0.7:1
74,1815,27369.010673081462,40,26,9,80,4246.217771464205,13.415977961432509,30.60606060606061,0,7.355371900826446,0.0275482093663911,0.9090909090909092,0,0,0,47.68595041322314,0,behavior_clone_32768,False,0.7:1
75,1855,41847.98848219639,40,21,2,96,11632.82772880911,12.860993453985367,0.0,0,2.718521370812476,1.0858683095879862,2.294955718136311,0,0,0,81.03966114747786,0,behavior_clone_32768,False,0.7:1
76,1808,37681.52305859456,40,26,4,92,3700.6715523420207,5.945796460176991,33.32411504424779,0,9.402654867256636,1.327433628318584,1.6869469026548674,0,0,0,48.31305309734513,0,behavior_clone_32768,False,0.7:1
77,1982,34544.354628548004,40,26,8,84,3661.3401324995643,7.467204843592332,46.947527749747735,0,5.373360242179617,0.6559031281533805,2.295660948536832,0,0,0,37.26034308779011,0,behavior_clone_32768,False,0.7:1
78,1794,27625.79880277713,40,26,8,84,1781.5542381081796,2.146042363433668,38.90746934225194,0,6.438127090301004,0.8361204013377926,1.5328874024526198,0,0,0,50.13935340022297,0,behavior_clone_32768,False,0.7:1
79,1467,31275.105958366545,40,24,2,96,6804.986115555112,12.01431492842536,0.0,0,8.248125426039536,0.0681663258350375,1.1077027948193592,0,0,0,78.5616905248807,0,behavior_clone_32768,False,0.7:1
80,1803,33388.403407981794,40,26,6,88,3191.780181132673,6.405990016638935,28.840820854132,0,9.595119245701609,0.36051026067665,0.8874098724348308,0,0,0,53.910149750415975,0,behavior_clone_32768,False,0.7:1
81,1805,24499.48646536441,40,26,10,80,2180.4346496872317,9.97229916897507,45.54016620498615,0,5.900277008310249,0.0,0.1385041551246537,0,0,0,38.44875346260388,0,behavior_clone_32768,False,0.7:1
82,1652,37144.9808916291,40,21,1,96,12348.414576353116,8.474576271186441,0.0,0,2.819093739190592,2.360774818401937,3.26011760636458,0,0,0,83.08543756485645,0,behavior_clone_32768,False,0.7:1
83,1807,27912.716563520728,40,26,8,84,4259.113636722279,5.035971223021583,33.75760929717764,0,7.581627006087437,0.7470946319867182,2.5179856115107917,0,0,0,50.35971223021583,0,behavior_clone_32768,False,0.7:1
84,1296,24686.274146749893,40,20,2,96,9546.740683381317,10.31057098765432,0.0,0,2.0736882716049383,1.089891975308642,2.247299382716049,0,0,0,84.27854938271605,0,behavior_clone_32768,False,0.7:1
85,1388,28360.122922493018,40,22,1,96,10174.5528609604,10.074447646493756,0.0,0,6.207973102785783,1.48895292987512,4.695004803073967,0,0,0,77.53362151777138,0,behavior_clone_32768,False,0.7:1
86,1659,30596.86749678071,40,25,4,90,7431.366816965065,12.577858147478402,0.0,0,4.139039582077557,1.2457303596544105,2.109704641350211,0,0,0,79.92766726943943,0,behavior_clone_32768,False,0.7:1
87,1474,31599.929384161136,40,23,1,98,7747.527295062403,10.542740841248303,0.0,0,4.613297150610583,0.7462686567164178,1.3975576662143827,0,0,0,82.7001356852103,0,behavior_clone_32768,False,0.7:1
88,1642,32493.35315778548,40,26,3,92,6533.188448933645,4.202192448233862,9.1047503045067,0,8.25213154689403,3.0450669914738127,1.4007308160779537,0,0,0,73.99512789281364,0,behavior_clone_32768,False,0.7:1
89,1465,26302.19396158819,40,25,3,94,5403.4760117196,7.531285551763367,1.5927189988623436,0,5.506257110352673,1.3196814562002277,2.7531285551763367,0,0,0,81.29692832764505,0,behavior_clone_32768,False,0.7:1
90,2315,61911.79882284777,40,22,0,100,9900.094297662798,5.298776097912167,0.0071994240460763,0,2.9517638588912885,0.8135349172066234,1.6558675305975523,0,0,0,89.27285817134629,0,behavior_clone_32768,False,0.7:1
91,1744,32840.66205629004,40,25,4,92,5165.065126509184,16.131498470948014,3.535932721712538,0,9.957951070336392,0.9365443425076454,1.91131498470948,0,0,0,67.52675840978593,0,behavior_clone_32768,False,0.7:1
92,1069,20714.30461485075,40,20,0,100,10122.771360347715,5.753040224508887,0.0,0,0.9471468662301216,2.79466791393826,4.642188961646399,0,0,0,85.86295603367634,0,behavior_clone_32768,False,0.7:1
93,1639,38081.79742444899,40,21,1,98,9519.502171177754,8.271594177634446,0.0174322321973328,0,5.412708097271856,1.4904558528719605,1.2725529504052993,0,0,0,83.53525668961912,0,behavior_clone_32768,False,0.7:1
94,1338,30532.99080328054,40,19,0,100,12701.556850511042,10.272380003321707,0.0,0,5.23168908819133,0.8885567181531306,2.300282345125394,0,0,0,81.30709184520843,0,behavior_clone_32768,False,0.7:1
95,1677,39554.716481639465,40,26,1,98,2975.0701557123944,5.158020274299345,36.31484794275492,0,6.350626118067979,2.802623732856291,4.174120453190221,0,0,0,45.19976147883124,0,behavior_clone_32768,False,0.7:1
96,1620,36783.87655342804,40,24,1,98,6911.379311008258,4.367283950617284,0.0,0,2.6234567901234565,1.574074074074074,1.851851851851852,0,0,0,89.58333333333334,0,behavior_clone_32768,False,0.7:1
97,1081,18731.660228230598,40,19,1,98,11847.274365213223,12.724843252132796,0.0,0,2.569637167231987,1.562339397677048,4.573954157672937,0,0,0,78.56922602528523,0,behavior_clone_32768,False,0.7:1
98,1787,40712.83298477015,40,25,1,98,7182.229544611386,7.946278679350867,0.0,0,6.062301809363925,1.0072747621712366,2.201081887707517,0,0,0,82.78306286140646,0,behavior_clone_32768,False,0.7:1
99,1758,40361.02438451721,40,25,2,96,6389.375976925131,11.528251801289343,0.9101251422070534,0,5.46075085324232,2.768297307546454,5.233219567690558,0,0,0,74.09935532802427,0,behavior_clone_32768,False,0.7:1
100,1787,44885.40587851902,40,22,0,100,7650.927974241032,6.864390971833613,0.0,0,2.704719268793136,1.4362991979108377,2.098489087856743,0,0,0,86.89610147360567,0,behavior_clone_32768,False,0.7:1
101,1655,36299.899086736645,40,26,1,98,5717.1441433243535,12.296072507552871,4.04833836858006,0,10.996978851963746,1.4501510574018126,0.392749244712991,0,0,0,70.81570996978851,0,behavior_clone_32768,False,0.7:1
102,1983,44522.34361099035,40,26,3,94,3393.690404324384,9.531013615733738,32.09783156833081,0,9.001512859304086,0.9329299041855774,1.2607160867372669,0,0,0,47.17599596570852,0,behavior_clone_32768,False,0.7:1
103,1459,30806.56671536969,40,24,1,98,7327.566753572637,12.577107607950651,0.0,0,3.923920493488692,0.9766963673749144,2.0390678546949967,0,0,0,80.48320767649075,0,behavior_clone_32768,False,0.7:1
104,1333,26055.67197330048,40,25,1,96,6182.325587600305,14.403600900225058,0.0500125031257814,0,7.851962990747687,0.1000250062515629,2.050512628157039,0,0,0,75.54388597149287,0,behavior_clone_32768,False,0.7:1
105,1812,30863.456458497923,40,26,7,86,3693.970008415742,7.450331125827815,38.57615894039735,0,9.161147902869756,0.3311258278145695,2.7593818984547465,0,0,0,41.72185430463576,0,behavior_clone_32768,False,0.7:1
106,1810,28499.30309431084,40,26,8,84,3058.82332783154,7.762430939226519,39.08839779005525,0,8.093922651933703,0.2209944751381215,0.966850828729282,0,0,0,43.86740331491713,0,behavior_clone_32768,False,0.7:1
107,1758,36089.37296006955,40,26,4,92,3093.747295454562,8.703071672354948,20.07963594994312,0,8.418657565415245,0.9954493742889646,1.1945392491467577,0,0,0,60.60864618885097,0,behavior_clone_32768,False,0.7:1
108,1642,31506.97757136049,40,25,4,92,4244.330406468309,10.475030450669914,7.511165245635404,0,7.08485586682907,0.3248071457572066,0.9541209906617946,0,0,0,73.65002030044661,0,behavior_clone_32768,False,0.7:1
109,1248,25374.06266625302,40,21,1,98,10306.712409282605,12.683150183150184,0.0,0,4.498626373626374,2.026098901098901,2.712912087912088,0,0,0,78.07921245421245,0,behavior_clone_32768,False,0.7:1
110,2007,41189.51272339361,40,26,5,90,3398.5289224896565,12.481315396113605,34.42949676133533,0,10.587942202291975,0.4982561036372696,1.7688091679123068,0,0,0,40.23418036870952,0,behavior_clone_32768,False,0.7:1
111,1688,33487.68032602881,40,22,3,94,9694.466456662127,9.44905213270142,0.2172195892575039,0,4.3246445497630335,1.5501579778830965,1.9944707740916272,0,0,0,82.4644549763033,0,behavior_clone_32768,False,0.7:1
112,1713,34264.4825503127,40,22,4,90,8706.336673289185,14.205098268145552,24.129208017123958,0,6.324187585133294,0.3794512551079976,1.255107997664915,0,0,0,53.70694687682428,0,behavior_clone_32768,False,0.7:1
113,1720,39524.06782889066,40,25,0,100,6511.391236968114,13.624031007751938,0.0,0,9.631782945736434,0.1550387596899224,0.0968992248062015,0,0,0,76.4922480620155,0,behavior_clone_32768,False,0.7:1
114,1587,37993.81239374146,40,20,0,98,10536.245915080348,6.891934467548834,0.0,0,3.166351606805293,1.0003150598613737,1.5989287964713297,0,0,0,87.34247006931317,0,behavior_clone_32768,False,0.7:1
115,1873,39526.12378106036,40,25,3,94,5421.788202704024,9.98398291510945,5.659369994660972,0,7.367859049652964,2.08222103577149,3.239010500088984,0,0,0,71.66755650471613,0,behavior_clone_32768,False,0.7:1
116,1649,38872.5969749499,40,25,1,98,4804.213996807402,2.486355366889024,0.586213866990095,0,4.7503537497473225,2.8906407923994344,3.6587831008692135,0,0,0,85.62765312310492,0,behavior_clone_32768,False,0.7:1
117,1799,30105.00604299002,40,26,7,84,4144.368469920183,9.088382434685936,36.49249583101724,0,7.003891050583658,1.3618677042801557,1.3340744858254587,0,0,0,44.71928849360756,0,behavior_clone_32768,False,0.7:1
118,1165,21424.08063143717,40,23,1,98,6256.458432653784,9.133047210300427,0.0,0,7.330472103004292,1.167381974248927,2.1974248927038627,0,0,0,80.1716738197425,0,behavior_clone_32768,False,0.7:1
119,1601,30625.629656229758,40,25,4,92,5301.312596720933,16.88528003331251,14.282739954195296,0,8.03664376431397,0.895273787216323,1.4157818030397669,0,0,0,58.48428065792213,0,behavior_clone_32768,False,0.7:1
120,1444,30203.828255656987,40,22,1,96,9666.266606657578,8.483379501385041,0.1385041551246537,0,4.951523545706372,1.1772853185595569,2.2968605724838413,0,0,0,82.95244690674053,0,behavior_clone_32768,False,0.7:1
121,2050,49856.44846779345,40,26,2,96,4479.1330317886095,10.609756097560975,27.5609756097561,0,7.024390243902439,0.7560975609756098,1.5609756097560976,0,0,0,52.48780487804878,0,behavior_clone_32768,False,0.7:1
122,1994,51087.27612799504,40,23,1,96,7571.323162516668,5.125376128385155,0.0,0,3.8014042126379137,0.7522567703109329,1.995987963891675,0,0,0,88.32497492477432,0,behavior_clone_32768,False,0.7:1
123,1671,38424.652549066,40,22,1,98,7979.0299404593,9.305804907241171,0.0,0,4.28884899261919,0.8477957310991421,1.3664472371833234,0,0,0,84.19110313185718,0,behavior_clone_32768,False,0.7:1
124,1824,39418.56694950845,40,23,2,96,7501.4362500262005,5.296052631578948,0.0,0,3.2785087719298245,0.7894736842105262,1.3486842105263157,0,0,0,89.28728070175438,0,behavior_clone_32768,False,0.7:1
125,1150,21686.132819613267,40,19,1,98,9450.47619820789,5.545893719806764,0.0,0,1.5169082125603868,1.3043478260869563,3.0628019323671496,0,0,0,88.57004830917874,0,behavior_clone_32768,False,0.7:1
126,1345,29653.68977447149,40,23,0,100,8954.029762829898,8.698884758364313,0.0,0,6.765799256505576,1.100371747211896,3.539033457249071,0,0,0,79.89591078066914,0,behavior_clone_32768,False,0.7:1
127,1529,30465.07431711312,40,22,2,96,9337.245414916833,11.685197296708088,0.0,0,5.65729234793983,0.6976237192064529,2.616088947024199,0,0,0,79.34379768912143,0,behavior_clone_32768,False,0.7:1
128,1791,29702.725425009827,40,26,7,86,3843.111366588577,11.306532663316585,53.12674483528755,0,4.941373534338359,1.5633724176437744,2.233389168062535,0,0,0,26.8285873813512,0,behavior_clone_32768,False,0.7:1
129,1425,28501.071097552987,40,21,2,94,8573.030929177206,9.233082706766917,6.18546365914787,0,2.8471177944862154,1.0827067669172932,2.5764411027568923,0,0,0,78.07518796992481,0,behavior_clone_32768,False,0.7:1
130,1443,33725.563755704694,40,20,0,100,11651.086870454703,6.159043659043659,0.0,0,3.2311157311157306,1.7844767844767846,2.988565488565489,0,0,0,85.83679833679832,0,behavior_clone_32768,False,0.7:1
131,1297,27688.43323214241,40,22,0,100,8379.379230540057,10.215882806476484,0.0,0,3.0840400925212026,1.5420200462606013,2.8527370855821124,0,0,0,82.3053199691596,0,behavior_clone_32768,False,0.7:1
132,1537,31661.723159065918,40,22,2,96,8933.224345777244,6.7338972023422246,0.0,0,3.079592279332032,2.038603339839514,3.437432227282585,0,0,0,84.71047495120364,0,behavior_clone_32768,False,0.7:1
133,1552,32003.06647921801,40,23,2,96,8082.886909260375,9.49742268041237,0.0,0,5.335051546391751,1.314432989690722,2.100515463917526,0,0,0,81.75257731958763,0,behavior_clone_32768,False,0.7:1
134,1727,36738.16034179552,40,24,3,92,7234.425392264615,8.656629994209611,9.221192819918937,0,6.166763173132599,0.6224667052692531,1.3607411696583671,0,0,0,73.97220613781124,0,behavior_clone_32768,False,0.7:1
135,1732,42236.54940380678,40,23,0,100,7646.403028001621,7.748267898383372,0.0,0,4.3764434180138565,1.3856812933025404,3.106235565819861,0,0,0,83.38337182448036,0,behavior_clone_32768,False,0.7:1
136,1669,35436.179476379446,40,24,2,94,5058.759861249705,5.766926303175554,0.2396644697423607,0,3.53505092869982,1.7525464349910127,3.2953864589574597,0,0,0,85.4104254044338,0,behavior_clone_32768,False,0.7:1
137,2020,37557.42297016307,40,26,7,86,4377.683043022654,6.262376237623762,38.04455445544554,0,8.415841584158416,1.4603960396039604,2.376237623762377,0,0,0,43.44059405940594,0,behavior_clone_32768,False,0.7:1
138,1691,40235.79024197304,40,25,0,100,4918.354207229513,9.915237532032329,1.655824955647546,0,5.08574807806032,1.69524935935344,2.227478809383008,0,0,0,79.42046126552336,0,behavior_clone_32768,False,0.7:1
139,1638,36661.350524786976,40,25,1,96,5426.973097227376,7.000407000407,13.369963369963369,0,9.625559625559625,1.037851037851038,0.7936507936507937,0,0,0,68.17256817256816,0,behavior_clone_32768,False,0.7:1
140,1291,27265.956266696558,40,21,0,100,11565.919792113873,4.85780679429014,0.0,0,1.9143521080004424,1.9254177271218325,4.271328980856478,0,0,0,87.03109438973111,0,behavior_clone_32768,False,0.7:1
141,1991,18205.101656572777,40,26,15,70,3203.38691516827,7.709693621295831,57.93571069814164,0,3.591160220994475,0.1004520341536916,0.2009040683073832,0,0,0,30.46207935710698,0,behavior_clone_32768,False,0.7:1
142,1295,28046.002952424933,40,21,0,100,9691.088017985534,9.06784335355764,0.0,0,3.838940981798125,1.8201875344732483,2.9784886927744068,0,0,0,82.29453943739658,0,behavior_clone_32768,False,0.7:1
143,1721,42255.15285786874,40,24,0,100,7279.2287675852585,3.994770482277745,0.0,0,3.515398024404416,1.8448576409064497,4.590354445090064,0,0,0,86.05461940732133,0,behavior_clone_32768,False,0.7:1
144,1690,32144.725068857184,40,26,4,92,4199.621986525628,11.331360946745562,10.414201183431953,0,8.195266272189349,0.3846153846153846,2.0118343195266277,0,0,0,67.66272189349112,0,behavior_clone_32768,False,0.7:1
145,1368,29956.876605201225,40,22,0,98,8641.193282001243,10.343567251461987,4.15448343079922,0,6.152534113060429,1.2792397660818713,3.0945419103313845,0,0,0,74.97563352826512,0,behavior_clone_32768,False,0.7:1
146,1473,32775.82334734153,40,22,0,98,8992.101985515372,5.397148676171079,0.0,0,2.6363430640416383,1.3917175831636115,3.5415252319529302,0,0,0,87.03326544467075,0,behavior_clone_32768,False,0.7:1
147,1610,32127.44906081548,40,23,3,94,8595.26745606228,8.211180124223603,0.0,0,5.6770186335403725,1.0434782608695652,2.3602484472049694,0,0,0,82.70807453416148,0,behavior_clone_32768,False,0.7:1
148,1620,37366.59708810164,40,26,0,100,5175.132433256081,7.253086419753086,8.796296296296296,0,8.88888888888889,0.7407407407407408,1.6975308641975309,0,0,0,72.62345679012346,0,behavior_clone_32768,False,0.7:1
149,1510,30063.62856611089,40,24,3,94,6582.140539220338,16.158940397350992,17.350993377483444,0,7.466887417218542,0.6456953642384106,0.7450331125827816,0,0,0,57.63245033112583,0,behavior_clone_32768,False,0.7:1
150,1702,38140.0454035051,40,24,2,94,6327.359813903731,10.37015276145711,0.0,0,4.259694477085781,1.3954171562867217,1.454171562867215,0,0,0,82.52056404230316,0,behavior_clone_32768,False,0.7:1
151,1713,36127.47672603569,40,23,2,96,7672.911880524018,13.718622300058374,0.3152364273204904,0,5.662580268534734,0.6304728546409807,1.085814360770578,0,0,0,78.58727378867484,0,behavior_clone_32768,False,0.7:1
152,1419,33768.75819675289,40,16,0,100,13164.66085496686,9.3610523843082,0.0,0,1.5034061545689454,2.525252525252525,3.740897345548508,0,0,0,82.86939159032184,0,behavior_clone_32768,False,0.7:1
153,1814,39896.25947843305,40,25,3,94,5326.259791816634,8.618155090040425,0.0,0,5.20029400955531,0.5145167217934583,2.223447262036016,0,0,0,83.44358691657479,0,behavior_clone_32768,False,0.7:1
154,1699,35979.46084234943,40,23,3,92,6663.3704176048695,11.24190700412007,0.0,0,5.791642142436728,0.4826368452030606,0.9770453207769276,0,0,0,81.50676868746321,0,behavior_clone_32768,False,0.7:1
155,1610,33283.40122761604,40,23,2,96,8175.371088587099,7.204968944099379,0.2236024844720496,0,4.596273291925465,2.1366459627329197,2.695652173913043,0,0,0,83.14285714285714,0,behavior_clone_32768,False,0.7:1
156,1367,29835.802796434247,40,24,1,98,6073.432871140464,9.820775420629117,0.0,0,4.407461594732992,1.5910753474762254,3.328456474030724,0,0,0,80.85223116313095,0,behavior_clone_32768,False,0.7:1
157,1658,35982.78785390918,40,21,2,96,9579.217408422865,8.978114768223332,0.0,0,2.8519731173530936,1.163191452696881,2.44701016715492,0,0,0,84.55971049457177,0,behavior_clone_32768,False,0.7:1
158,1101,22096.080313559807,40,21,0,100,10021.033298818988,8.693395614376541,0.0,0,3.646036071104192,2.0760347735824576,4.735954327234981,0,0,0,80.84857921370184,0,behavior_clone_32768,False,0.7:1
159,1616,37645.04508625326,40,23,0,100,8420.314929544813,8.378712871287128,1.5717821782178218,0,6.423267326732674,1.0643564356435644,1.7326732673267329,0,0,0,80.82920792079207,0,behavior_clone_32768,False,0.7:1
160,1462,29519.300966427465,40,21,2,96,10610.034913949672,10.23060386945476,0.2247410592143834,0,5.305843267539574,1.4852452608950557,2.501465702560094,0,0,0,80.25210084033613,0,behavior_clone_32768,False,0.7:1
161,1682,37265.83934591351,40,26,2,96,3917.21063784353,8.650416171224732,13.971462544589771,0,10.642092746730082,0.8323424494649228,0.6242568370986921,0,0,0,65.2794292508918,0,behavior_clone_32768,False,0.7:1
162,1676,35988.61329512394,40,22,2,94,7816.574461423999,10.809466984884644,9.099045346062052,0,4.285998408910103,0.8750994431185362,2.098249801113763,0,0,0,72.83214001591091,0,behavior_clone_32768,False,0.7:1
163,1502,28652.8816314144,40,26,3,94,4148.361582833391,15.21304926764314,16.44474034620506,0,11.517976031957389,0.5659121171770972,2.563249001331558,0,0,0,53.69507323568576,0,behavior_clone_32768,False,0.7:1
164,1541,36232.9829578944,40,21,0,100,10387.849773882785,5.497357930842681,0.0,0,3.040697135440809,2.030221562992491,3.865764345972003,0,0,0,85.565959024752,0,behavior_clone_32768,False,0.7:1
165,1302,29298.80471542487,40,18,0,100,13283.35086038528,6.643625192012289,0.0,0,2.1428571428571432,2.480798771121352,2.4577572964669736,0,0,0,86.27496159754223,0,behavior_clone_32768,False,0.7:1
166,1798,16573.440241661487,40,26,13,74,2778.992055298719,6.646273637374861,55.58954393770857,0,5.450500556173527,0.0,0.2224694104560622,0,0,0,32.09121245828699,0,behavior_clone_32768,False,0.7:1
167,1675,41482.33099758912,40,22,0,100,9342.589597498423,7.353233830845771,0.0199004975124378,0,4.039800995024875,1.034825870646766,2.1592039800995027,0,0,0,85.39303482587066,0,behavior_clone_32768,False,0.7:1
168,1526,32478.112189215764,40,25,2,94,6116.533991327011,10.615989515072084,0.0,0,5.526430755788554,1.0266491917868066,1.0921799912625598,0,0,0,81.73875054609,0,behavior_clone_32768,False,0.7:1
169,1977,37605.732589601896,40,26,6,88,2613.083313491967,8.523014668689935,45.67526555386949,0,5.311077389984826,1.289833080424886,2.70612038442084,0,0,0,36.49468892261001,0,behavior_clone_32768,False,0.7:1
170,1103,18913.252236637065,40,22,1,98,7628.103032290198,10.169235418555454,0.0,0,5.424599576911453,1.4959202175883952,2.9162889090359627,0,0,0,79.99395587790875,0,behavior_clone_32768,False,0.7:1
171,1872,42428.19512118694,40,26,2,94,4822.152659191452,7.8258547008547,15.144230769230768,0,8.146367521367521,1.2286324786324787,1.1217948717948718,0,0,0,66.53311965811966,0,behavior_clone_32768,False,0.7:1
172,1811,35494.68138616643,40,26,5,88,3439.4057003896232,2.8437327443401434,26.25621203754832,0,4.472667034787411,1.2424075096631697,3.202650469353948,0,0,0,61.98233020430702,0,behavior_clone_32768,False,0.7:1
173,1970,37669.30850988533,40,26,6,88,3194.7155699623127,6.395939086294416,31.725888324873093,0,7.385786802030458,1.4213197969543148,1.9796954314720807,0,0,0,51.09137055837565,0,behavior_clone_32768,False,0.7:1
174,1612,28577.881498184404,40,24,5,90,6886.154308832209,7.0254342431761785,0.0155086848635235,0,3.349875930521092,1.0080645161290325,2.1712158808933,0,0,0,86.42990074441687,0,behavior_clone_32768,False,0.7:1
175,1701,34466.13570274729,40,26,4,92,3543.1128456812194,11.052322163433276,10.552616108171664,0,9.494415049970604,2.0282186948853616,4.11522633744856,0,0,0,62.757201646090536,0,behavior_clone_32768,False,0.7:1
176,1638,38458.30620766148,40,25,0,98,6766.230620621798,8.75050875050875,0.0,0,4.863654863654864,0.5698005698005698,1.2413512413512415,0,0,0,84.57468457468457,0,behavior_clone_32768,False,0.7:1
177,1970,48051.69800024055,40,25,1,98,6205.726272555766,5.651438240270728,0.0,0,3.2994923857868024,1.7089678510998307,2.825719120135364,0,0,0,86.51438240270727,0,behavior_clone_32768,False,0.7:1
178,1250,26236.52053293195,40,21,0,100,9637.515943366358,9.28,0.0114285714285714,0,4.937142857142857,3.291428571428571,4.354285714285714,0,0,0,78.12571428571428,0,behavior_clone_32768,False,0.7:1
179,1829,28230.28615104466,40,26,8,84,4411.021499049824,5.8501913613996726,23.100054674685623,0,5.713504647348278,0.9021323127392018,3.225806451612903,0,0,0,61.20831055221432,0,behavior_clone_32768,False,0.7:1
180,1604,38309.77004779579,40,19,0,100,11570.26080212102,9.005264616237184,0.0,0,3.7267941257966193,1.5586034912718203,2.5838182321972845,0,0,0,83.12551953449709,0,behavior_clone_32768,False,0.7:1
181,1819,29974.01111325187,40,26,7,86,4023.540170600051,10.720175920835624,38.3177570093458,0,10.2803738317757,0.8246289169873556,1.126992853216053,0,0,0,38.73007146783947,0,behavior_clone_32768,False,0.7:1
182,1861,43608.176479476926,40,24,1,96,6906.834639808573,7.281031703385277,0.0134336378291241,0,3.6002149382052657,0.4030091348737238,1.4911337990327782,0,0,0,87.21117678667383,0,behavior_clone_32768,False,0.7:1
183,1466,34282.2788118193,40,20,0,98,10202.306731939054,8.859140518417464,0.0,0,2.890518417462483,1.66268758526603,3.854024556616644,0,0,0,82.73362892223739,0,behavior_clone_32768,False,0.7:1
184,1806,29071.027053959464,40,26,8,82,3907.9483813168054,7.9734219269103,40.28239202657807,0,6.699889258028793,0.0,0.7198228128460686,0,0,0,44.32447397563677,0,behavior_clone_32768,False,0.7:1
185,1872,41674.70359444248,40,25,2,94,7376.141482470251,7.086894586894587,8.778490028490028,0,3.668091168091168,3.1695156695156697,5.92948717948718,0,0,0,71.36752136752136,0,behavior_clone_32768,False,0.7:1
186,1812,23663.19090882231,40,26,10,78,3277.660961157376,6.374172185430464,48.67549668874173,0,6.650110375275938,0.2483443708609271,0.4690949227373069,0,0,0,37.58278145695364,0,behavior_clone_32768,False,0.7:1
187,1979,38188.38499384915,40,26,6,88,3824.3096076851325,11.647296614451744,43.55735219807984,0,6.644770085901971,0.9095502779181404,1.3643254168772103,0,0,0,35.876705406771094,0,behavior_clone_32768,False,0.7:1
188,1777,37715.87383840972,40,26,3,94,3261.983060187433,8.075407990996062,33.73663477771525,0,5.880697805289814,1.913337084974676,3.376477208778841,0,0,0,47.01744513224536,0,behavior_clone_32768,False,0.7:1
189,1792,16142.533893052416,40,26,13,74,3504.752875449016,5.496651785714286,46.01004464285714,0,5.412946428571429,0.0,0.2511160714285714,0,0,0,42.82924107142857,0,behavior_clone_32768,False,0.7:1
190,1988,38297.70816731991,40,26,6,88,4269.609295530103,9.02917505030181,31.48893360160966,0,6.866197183098592,0.6287726358148893,1.6851106639839033,0,0,0,50.30181086519115,0,behavior_clone_32768,False,0.7:1
191,1018,15266.62480782428,40,18,2,94,11639.299295139794,14.646365422396856,0.0,0,2.966601178781925,3.163064833005894,4.400785854616895,0,0,0,74.82318271119844,0,behavior_clone_32768,False,0.7:1
192,1526,34269.9489764155,40,20,1,98,10755.645022878862,7.650720838794234,0.0,0,1.384338138925295,1.957732634338139,3.0799475753604195,0,0,0,85.92726081258192,0,behavior_clone_32768,False,0.7:1
193,1580,33731.649914497015,40,26,3,94,2676.656276302114,3.702531645569621,6.265822784810126,0,5.6645569620253164,1.4240506329113924,4.177215189873418,0,0,0,78.76582278481013,0,behavior_clone_32768,False,0.7:1
194,1504,31318.69477289855,40,25,1,98,6895.856281652446,15.536347517730494,12.056737588652483,0,6.471631205673759,0.9086879432624114,2.016843971631206,0,0,0,63.00975177304964,0,behavior_clone_32768,False,0.7:1
195,1252,26482.72532262794,40,21,0,100,9449.566589148182,9.367868553172068,0.0,0,3.594249201277956,1.9397535371976264,4.107713372889092,0,0,0,80.99041533546325,0,behavior_clone_32768,False,0.7:1
196,1490,26236.302991843284,40,25,3,92,4704.269544392382,13.512304250559284,3.6912751677852342,0,8.43400447427293,0.8501118568232662,2.483221476510067,0,0,0,71.02908277404921,0,behavior_clone_32768,False,0.7:1
197,1494,29557.45067635621,40,23,3,94,8403.936948728555,15.863453815261046,0.0,0,5.073627844712182,0.5756358768406961,1.1512717536813923,0,0,0,77.33601070950469,0,behavior_clone_32768,False,0.7:1
198,2388,58691.000731635504,40,26,3,94,3826.819974069764,11.55778894472362,41.24790619765494,0,10.259631490787273,1.884422110552764,2.051926298157454,0,0,0,32.99832495812395,0,behavior_clone_32768,False,0.7:1
199,1355,29607.82275720651,40,18,0,100,13999.68769270603,10.354243542435425,0.0,0,4.361623616236163,1.7564575645756455,3.571955719557196,0,0,0,79.95571955719558,0,behavior_clone_32768,False,0.7:1
